ts_code,trade_date,open,high,low,close,pre_close,change,pct_chg,vol,amount
BK1128.DC,20230210,1028.97,1048.62,989.07,1008.11,1000.0,8.11,0.81,4024173.0,11539065710.0
BK1128.DC,20230213,1013.25,1059.59,1012.94,1057.73,1008.11,49.62,4.92,3973671.0,11047952167.0
BK1128.DC,20230214,1056.33,1062.9,1035.97,1038.86,1057.7299999999998,-18.87,-1.78,3549761.0,9010850405.0
BK1128.DC,20230215,1047.12,1079.39,1042.82,1066.75,1038.86,27.89,2.68,4063456.0,10395007591.0
BK1128.DC,20230216,1048.54,1056.35,1008.1,1013.65,1066.75,-53.1,-4.98,4660716.0,11055221710.0
BK1128.DC,20230217,1013.7,1020.39,978.27,979.41,1013.65,-34.24,-3.38,3397380.0,7806841321.0
BK1128.DC,20230220,977.85,1002.57,973.65,1001.64,979.41,22.23,2.27,2719389.0,6294593846.0
BK1128.DC,20230221,999.5,1011.45,986.01,994.03,1001.64,-7.61,-0.76,2521567.0,5893469800.0
BK1128.DC,20230222,984.95,1001.82,981.39,991.31,994.03,-2.72,-0.27,1897778.0,4424844221.0
BK1128.DC,20230223,989.08,996.31,980.84,985.38,991.31,-5.93,-0.6,2527207.0,5432768079.0
BK1128.DC,20230224,990.73,1033.85,990.73,1021.45,985.38,36.07,3.66,2825743.0,7099274771.0
BK1128.DC,20230227,1015.89,1031.46,1011.97,1017.95,1021.45,-3.5,-0.34,2723182.0,6295839948.0
BK1128.DC,20230228,1042.46,1064.82,1029.66,1049.03,1017.9499999999999,31.08,3.05,3347925.0,8407249980.0
BK1128.DC,20230301,1042.79,1093.45,1041.94,1081.12,1049.03,32.09,3.06,3825579.0,9968700538.0
BK1128.DC,20230302,1077.68,1136.33,1077.15,1127.8,1081.12,46.68,4.32,5040722.0,12104869764.0
BK1128.DC,20230303,1104.21,1117.02,1082.0,1093.06,1127.8,-34.74,-3.08,3849015.0,9650645214.0
BK1128.DC,20230306,1085.76,1110.14,1083.95,1087.93,1093.0600000000002,-5.13,-0.47,3495657.0,8207691733.0
BK1128.DC,20230307,1084.02,1088.65,1046.77,1047.79,1087.93,-40.14,-3.69,3157125.0,7449009723.0
BK1128.DC,20230308,1048.38,1069.8,1048.38,1066.01,1047.79,18.22,1.74,2321185.0,5494472608.0
BK1128.DC,20230309,1063.24,1089.45,1043.36,1083.02,1066.01,17.01,1.6,2655909.0,6624706881.0
BK1128.DC,20230310,1068.35,1088.22,1064.97,1067.3,1083.02,-15.72,-1.45,3023334.0,7208869691.0
BK1128.DC,20230313,1060.5,1097.37,1055.36,1093.62,1067.3,26.32,2.47,2851636.0,7229737510.0
BK1128.DC,20230314,1091.51,1103.62,1074.74,1084.84,1093.62,-8.78,-0.8,2972638.0,7431746522.0
BK1128.DC,20230315,1089.67,1094.89,1052.03,1054.54,1084.84,-30.3,-2.79,2319743.0,5969920682.0
BK1128.DC,20230316,1043.39,1056.95,1034.64,1035.6,1054.54,-18.94,-1.8,1985507.0,4758821705.0
BK1128.DC,20230317,1044.54,1108.26,1044.24,1094.77,1035.6,59.17,5.71,3076628.0,8216891034.0
BK1128.DC,20230320,1097.49,1153.35,1097.49,1126.14,1094.7700000000002,31.37,2.87,4755199.0,11878139531.0
BK1128.DC,20230321,1123.11,1143.53,1104.98,1138.93,1126.14,12.79,1.14,2679831.0,7280616350.0
BK1128.DC,20230322,1134.97,1242.92,1129.53,1242.92,1138.93,103.99,9.13,5106873.0,15146791761.0
BK1128.DC,20230323,1238.1,1305.7,1236.12,1290.87,1242.9199999999998,47.95,3.86,5812528.0,18879197039.0
BK1128.DC,20230324,1280.69,1318.53,1275.49,1316.15,1290.8700000000001,25.28,1.96,7659047.0,20496273875.0
BK1128.DC,20230327,1314.66,1353.51,1308.76,1351.38,1316.15,35.23,2.68,7930358.0,21957774830.0
BK1128.DC,20230328,1328.04,1344.41,1302.59,1305.8,1351.3799999999999,-45.58,-3.37,6777292.0,18627328077.0
BK1128.DC,20230329,1305.29,1393.98,1305.29,1377.1,1305.8,71.3,5.46,5765595.0,17500907429.0
BK1128.DC,20230330,1373.51,1388.06,1342.35,1369.47,1377.1000000000001,-7.63,-0.55,5355603.0,16693030911.0
BK1128.DC,20230331,1356.95,1406.91,1328.71,1400.93,1369.47,31.46,2.3,5083929.0,16513425296.0
BK1128.DC,20230403,1422.57,1550.04,1422.57,1542.57,1400.9299999999998,141.64,10.11,8062386.0,27208942823.0
BK1128.DC,20230404,1556.66,1595.43,1551.03,1580.89,1542.5700000000002,38.32,2.48,9087204.0,30990209910.0
BK1128.DC,20230406,1554.95,1672.7,1554.49,1624.9,1580.89,44.01,2.78,10583686.0,35407628415.0
BK1128.DC,20230407,1632.92,1654.95,1601.6,1654.95,1624.9,30.05,1.85,8576689.0,27045961732.0
BK1128.DC,20230410,1657.5,1704.43,1583.53,1604.81,1654.95,-50.14,-3.03,8569090.0,30198347267.0
BK1128.DC,20230411,1596.42,1639.73,1569.92,1618.22,1604.81,13.41,0.84,9281194.0,27628699230.0
BK1128.DC,20230412,1598.76,1678.98,1575.23,1677.52,1618.22,59.3,3.66,9734769.0,27548700851.0
BK1128.DC,20230413,1666.34,1669.51,1574.6,1587.13,1677.5200000000002,-90.39,-5.39,10493759.0,29837286596.0
BK1128.DC,20230414,1579.82,1593.25,1531.05,1580.58,1587.1299999999999,-6.55,-0.41,7698192.0,23247475745.0
BK1128.DC,20230417,1569.44,1571.95,1540.91,1554.67,1580.5800000000002,-25.91,-1.64,6581683.0,19641703924.0
BK1128.DC,20230418,1556.25,1681.7,1556.25,1653.61,1554.6699999999998,98.94,6.36,10359343.0,34380929082.0
BK1128.DC,20230419,1654.32,1726.8,1653.52,1674.46,1653.6100000000001,20.85,1.26,10117160.0,33843706472.0
BK1128.DC,20230420,1684.18,1762.68,1684.18,1762.68,1674.46,88.22,5.27,10434341.0,34106385767.0
BK1128.DC,20230421,1757.63,1757.63,1675.48,1682.64,1762.68,-80.04,-4.54,11666765.0,35811254168.0
BK1128.DC,20230424,1683.64,1759.23,1683.64,1741.56,1682.6399999999999,58.92,3.5,9566126.0,33759344686.0
BK1128.DC,20230425,1717.65,1717.65,1625.76,1648.26,1741.56,-93.3,-5.36,9685417.0,32405153714.0
BK1128.DC,20230426,1639.97,1674.02,1574.19,1595.59,1648.26,-52.67,-3.2,10232030.0,34836183771.0
BK1128.DC,20230427,1546.22,1571.78,1493.99,1512.79,1595.59,-82.8,-5.19,8974706.0,29794495286.0
BK1128.DC,20230428,1508.44,1596.24,1508.44,1590.71,1512.79,77.92,5.15,7606770.0,26998019146.0
BK1128.DC,20230504,1576.79,1589.2,1534.44,1550.11,1590.7099999999998,-40.6,-2.55,6796680.0,24364575266.0
BK1128.DC,20230505,1544.32,1553.38,1479.08,1491.45,1550.1100000000001,-58.66,-3.78,7753912.0,25377630503.0
BK1128.DC,20230508,1497.31,1544.53,1470.59,1524.39,1491.45,32.94,2.21,6807515.0,20882422382.0
BK1128.DC,20230509,1517.19,1569.3,1510.96,1510.96,1524.39,-13.43,-0.88,7350564.0,22196891011.0
BK1128.DC,20230510,1522.39,1554.79,1479.19,1494.94,1510.96,-16.02,-1.06,6971931.0,21356039334.0
BK1128.DC,20230511,1489.5,1500.04,1469.66,1474.91,1494.94,-20.03,-1.34,5981895.0,17048282492.0
BK1128.DC,20230512,1470.47,1523.3,1470.47,1495.93,1474.91,21.02,1.43,6502193.0,19211103177.0
BK1128.DC,20230515,1503.85,1538.65,1472.66,1538.65,1495.93,42.72,2.86,7578752.0,21911290638.0
BK1128.DC,20230516,1531.26,1531.26,1500.42,1508.09,1538.6499999999999,-30.56,-1.99,7069757.0,20104741442.0
BK1128.DC,20230517,1499.62,1550.46,1493.68,1549.78,1508.09,41.69,2.76,6469069.0,19641749105.0
BK1128.DC,20230518,1587.61,1673.48,1574.46,1660.61,1549.78,110.83,7.15,9461357.0,30527255340.0
BK1128.DC,20230519,1635.99,1653.29,1602.69,1604.04,1660.61,-56.57,-3.41,9431991.0,32681509862.0
BK1128.DC,20230522,1590.61,1597.83,1545.77,1569.36,1604.04,-34.68,-2.16,7120959.0,21084135923.0
BK1128.DC,20230523,1566.4,1602.08,1543.88,1566.58,1569.36,-2.78,-0.18,7776552.0,23876088012.0
BK1128.DC,20230524,1545.76,1650.98,1545.47,1619.47,1566.58,52.89,3.38,8547329.0,28405958985.0
BK1128.DC,20230525,1663.74,1710.4,1607.13,1670.56,1619.47,51.09,3.15,10274765.0,37640688398.0
BK1128.DC,20230526,1656.59,1727.17,1655.94,1707.02,1670.56,36.46,2.18,9826724.0,33848369051.0
BK1128.DC,20230529,1725.12,1791.66,1718.4,1766.41,1707.02,59.39,3.48,12102682.0,37494729438.0
BK1128.DC,20230530,1755.48,1816.52,1740.09,1815.21,1766.41,48.8,2.76,11475222.0,38644345873.0
BK1128.DC,20230531,1801.09,1833.76,1779.88,1822.26,1815.21,7.05,0.39,10431927.0,35253291254.0
BK1128.DC,20230601,1794.77,1834.25,1788.38,1807.41,1822.26,-14.85,-0.81,9574677.0,30051799684.0
BK1128.DC,20230602,1821.94,1834.04,1799.86,1802.75,1807.41,-4.66,-0.26,8996658.0,27414789737.0
BK1128.DC,20230605,1785.82,1825.53,1785.61,1804.99,1802.75,2.24,0.12,8275167.0,24694394991.0
BK1128.DC,20230606,1799.84,1820.16,1755.49,1761.03,1804.99,-43.96,-2.44,8711277.0,26156943407.0
BK1128.DC,20230607,1768.03,1827.83,1752.28,1815.11,1761.03,54.08,3.07,9423423.0,28054156241.0
BK1128.DC,20230608,1792.86,1799.45,1761.91,1778.55,1815.11,-36.56,-2.01,9427361.0,28651148095.0
BK1128.DC,20230609,1771.99,1874.57,1761.42,1867.25,1778.55,88.7,4.99,13781012.0,39818905774.0
BK1128.DC,20230612,1863.25,1916.29,1862.89,1904.5,1867.25,37.25,1.99,12596397.0,38426757457.0
BK1128.DC,20230613,1894.17,1942.52,1873.88,1934.08,1904.5,29.58,1.55,13155750.0,35535770642.0
BK1128.DC,20230614,1941.94,2041.0,1941.29,2018.46,1934.08,84.38,4.36,17008605.0,46988797723.0
BK1128.DC,20230615,2027.98,2082.64,2025.09,2027.8,2018.46,9.34,0.46,20322087.0,51772677122.0
BK1128.DC,20230616,2019.17,2146.44,2007.12,2143.62,2027.8,115.82,5.71,21434558.0,56046347598.0
BK1128.DC,20230619,2168.35,2278.21,2163.93,2263.53,2143.6200000000003,119.91,5.59,22907180.0,64060428958.0
BK1128.DC,20230620,2232.42,2249.87,2184.69,2246.4,2263.53,-17.13,-0.76,22041992.0,61272042422.0
BK1128.DC,20230621,2231.11,2231.11,2156.38,2160.77,2246.4,-85.63,-3.81,19526056.0,61437659476.0
BK1128.DC,20230626,2128.74,2157.81,2070.2,2087.22,2160.77,-73.55,-3.4,18088628.0,56961761656.0
BK1128.DC,20230627,2082.05,2084.79,2038.36,2074.34,2087.2200000000003,-12.88,-0.62,14493733.0,41824517948.0
BK1128.DC,20230628,2054.59,2054.59,1950.58,1994.02,2074.34,-80.32,-3.87,15987944.0,45346693225.0
BK1128.DC,20230629,1988.56,2050.53,1988.56,2041.31,1994.02,47.29,2.37,14959895.0,45672474673.0
BK1128.DC,20230630,2021.26,2146.61,2016.53,2115.71,2041.31,74.4,3.64,17915591.0,55320654580.0
BK1128.DC,20230703,2119.64,2127.85,2060.56,2097.53,2115.71,-18.18,-0.86,16500945.0,50593716075.0
BK1128.DC,20230704,2091.41,2125.88,2091.41,2099.54,2097.5299999999997,2.01,0.1,12774340.0,40934129025.0
BK1128.DC,20230705,2089.78,2104.16,2060.27,2064.13,2099.54,-35.41,-1.69,13314343.0,41665912408.0
BK1128.DC,20230706,2050.83,2136.25,2049.46,2101.81,2064.13,37.68,1.83,14447586.0,44471396617.0
BK1128.DC,20230707,2090.53,2102.85,2020.32,2055.66,2101.81,-46.15,-2.2,12620099.0,42134162381.0
BK1128.DC,20230710,2054.07,2057.93,1998.12,2003.12,2055.66,-52.54,-2.56,10214688.0,31859179987.0
BK1128.DC,20230711,2004.86,2033.28,1998.89,2027.36,2003.12,24.24,1.21,9754313.0,32032935905.0
BK1128.DC,20230712,2014.4,2019.17,1943.34,1944.62,2027.36,-82.74,-4.08,12880416.0,41740005581.0
BK1128.DC,20230713,1956.73,2023.17,1952.13,2016.84,1944.62,72.22,3.71,12284382.0,42778132410.0
BK1128.DC,20230714,2037.64,2085.84,2034.29,2060.84,2016.8400000000001,44.0,2.18,15483204.0,51797151638.0
BK1128.DC,20230717,2043.03,2083.17,2041.08,2062.61,2060.84,1.77,0.09,11711948.0,41632839896.0
BK1128.DC,20230718,2067.73,2087.71,2030.63,2031.4,2062.61,-31.21,-1.51,10951851.0,35423410723.0
BK1128.DC,20230719,2032.55,2040.22,1996.66,2004.17,2031.4,-27.23,-1.34,8383352.0,26703949228.0
BK1128.DC,20230720,2003.01,2004.11,1912.75,1913.79,2004.17,-90.38,-4.51,10452610.0,38366355817.0
BK1128.DC,20230721,1909.06,1925.82,1879.96,1892.12,1913.79,-21.67,-1.13,8637612.0,29743119392.0
BK1128.DC,20230724,1877.05,1940.2,1871.18,1906.28,1892.12,14.16,0.75,7340471.0,25092182655.0
BK1128.DC,20230725,1928.69,1949.34,1900.84,1927.03,1906.28,20.75,1.09,8687583.0,29418765386.0
BK1128.DC,20230726,1923.11,1923.11,1876.8,1883.44,1927.03,-43.59,-2.26,7722013.0,26233431487.0
BK1128.DC,20230727,1877.65,1890.56,1848.73,1853.39,1883.44,-30.05,-1.6,6242773.0,19903102658.0
BK1128.DC,20230728,1849.93,1865.48,1834.35,1846.79,1853.3899999999999,-6.6,-0.36,7267128.0,22410221422.0
BK1128.DC,20230731,1835.08,1865.17,1823.86,1846.58,1846.79,-0.21,-0.01,7768565.0,24223098563.0
BK1128.DC,20230801,1844.33,1871.94,1821.22,1869.89,1846.5800000000002,23.31,1.26,9962658.0,30548656279.0
BK1128.DC,20230802,1865.4,1883.12,1857.28,1870.46,1869.89,0.57,0.03,10656856.0,24347166843.0
BK1128.DC,20230803,1848.8,1884.1,1840.84,1855.57,1870.46,-14.89,-0.8,8536193.0,22734386354.0
BK1128.DC,20230804,1851.7,1907.45,1851.7,1904.52,1855.57,48.95,2.64,11028471.0,33041416026.0
BK1128.DC,20230807,1916.69,1961.41,1916.32,1930.24,1904.52,25.72,1.35,13647761.0,38078732878.0
BK1128.DC,20230808,1923.66,1947.96,1902.52,1904.27,1930.24,-25.97,-1.35,10866039.0,30075986617.0
BK1128.DC,20230809,1892.21,1892.21,1827.03,1828.24,1904.27,-76.03,-3.99,9702079.0,30500692355.0
BK1128.DC,20230810,1818.19,1835.4,1802.76,1807.63,1828.24,-20.61,-1.13,7030642.0,19830403679.0
BK1128.DC,20230811,1817.99,1822.93,1778.93,1778.93,1807.63,-28.7,-1.59,6532867.0,17137270195.0
BK1128.DC,20230814,1760.36,1802.67,1755.82,1802.67,1778.93,23.74,1.33,6775434.0,19584825610.0
BK1128.DC,20230815,1819.67,1837.24,1772.6,1782.31,1802.6699999999998,-20.36,-1.13,7558078.0,23085070406.0
BK1128.DC,20230816,1771.11,1777.56,1739.24,1745.9,1782.3100000000002,-36.41,-2.04,6553855.0,19180712258.0
BK1128.DC,20230817,1733.77,1784.08,1725.8,1770.32,1745.8999999999999,24.42,1.4,6335586.0,18842802571.0
BK1128.DC,20230818,1767.41,1777.11,1715.48,1715.48,1770.32,-54.84,-3.1,6479401.0,19610065092.0
BK1128.DC,20230821,1711.79,1757.37,1711.79,1721.98,1715.48,6.5,0.38,6067518.0,18228859077.0
BK1128.DC,20230822,1742.51,1758.14,1700.48,1758.14,1721.98,36.16,2.1,7750542.0,24031264405.0
BK1128.DC,20230823,1743.32,1743.32,1698.79,1698.79,1758.1399999999999,-59.35,-3.38,5647239.0,16431474824.0
BK1128.DC,20230824,1721.38,1738.45,1693.18,1704.73,1698.79,5.94,0.35,6706549.0,21436824382.0
BK1128.DC,20230825,1661.92,1664.3,1604.58,1612.65,1704.73,-92.08,-5.4,8270047.0,24717758355.0
BK1128.DC,20230828,1713.75,1713.75,1624.86,1627.84,1612.6499999999999,15.19,0.94,8808051.0,24559418349.0
BK1128.DC,20230829,1619.77,1696.97,1619.18,1687.18,1627.8400000000001,59.34,3.65,8913905.0,25968477189.0
BK1128.DC,20230830,1696.34,1747.59,1695.71,1723.76,1687.18,36.58,2.17,9679516.0,25461109975.0
BK1128.DC,20230831,1713.79,1748.1,1706.74,1730.21,1723.76,6.45,0.37,7058019.0,18483718064.0
BK1128.DC,20230901,1733.54,1741.96,1706.5,1714.79,1730.21,-15.42,-0.89,5435365.0,15046267792.0
BK1128.DC,20230904,1725.09,1750.66,1717.77,1750.66,1714.7900000000002,35.87,2.09,6724900.0,16790871607.0
BK1128.DC,20230905,1748.85,1762.16,1738.95,1747.88,1750.66,-2.78,-0.16,8146302.0,21998152629.0
BK1128.DC,20230906,1742.13,1788.36,1735.67,1784.09,1747.8799999999999,36.21,2.07,7828055.0,20378501948.0
BK1128.DC,20230907,1775.44,1775.44,1721.38,1721.38,1784.0900000000001,-62.71,-3.51,8796116.0,21990071022.0
BK1128.DC,20230908,1706.62,1735.54,1692.26,1724.5,1721.38,3.12,0.18,6686855.0,17075948396.0
BK1128.DC,20230911,1728.65,1802.87,1721.86,1776.22,1724.5,51.72,3.0,10506276.0,28784950106.0
BK1128.DC,20230912,1768.03,1826.18,1768.03,1812.33,1776.22,36.11,2.03,10735353.0,29717281719.0
BK1128.DC,20230913,1796.93,1796.93,1748.06,1769.49,1812.33,-42.84,-2.36,10046992.0,26865672641.0
BK1128.DC,20230914,1772.29,1792.09,1747.63,1754.66,1769.49,-14.83,-0.84,7720543.0,22670165820.0
BK1128.DC,20230915,1751.89,1754.63,1719.19,1725.3,1754.6599999999999,-29.36,-1.67,7917430.0,22628602209.0
BK1128.DC,20230918,1713.65,1734.15,1702.91,1705.18,1725.3,-20.12,-1.17,6486756.0,18199096745.0
BK1128.DC,20230919,1697.17,1697.74,1652.96,1668.43,1705.18,-36.75,-2.16,6636239.0,17520216028.0
BK1128.DC,20230920,1662.52,1709.12,1662.52,1670.01,1668.43,1.58,0.09,6161492.0,19046089823.0
BK1128.DC,20230921,1661.47,1700.76,1660.12,1672.88,1670.0100000000002,2.87,0.17,6061024.0,17265504078.0
BK1128.DC,20230922,1668.24,1791.18,1668.16,1791.03,1672.8799999999999,118.15,7.06,11738366.0,36226334009.0
BK1128.DC,20230925,1792.11,1801.24,1774.03,1777.29,1791.03,-13.74,-0.77,10581224.0,32950175111.0
BK1128.DC,20230926,1774.35,1810.38,1769.2,1776.46,1777.29,-0.83,-0.05,10902073.0,36352776543.0
BK1128.DC,20230927,1766.54,1797.33,1765.83,1782.32,1776.46,5.86,0.33,10281936.0,29860530422.0
BK1128.DC,20230928,1794.26,1830.71,1794.26,1824.49,1782.32,42.17,2.37,10230786.0,30800078627.0
BK1128.DC,20231009,1811.29,1837.07,1806.91,1820.08,1824.49,-4.41,-0.24,10100925.0,33025073195.0
BK1128.DC,20231010,1823.08,1850.06,1822.36,1839.93,1820.0800000000002,19.85,1.09,9422579.0,27265577007.0
BK1128.DC,20231011,1838.41,1857.26,1823.65,1845.24,1839.93,5.31,0.29,9471671.0,28898459479.0
BK1128.DC,20231012,1854.43,1856.34,1816.82,1824.63,1845.24,-20.61,-1.12,8914745.0,25682289287.0
BK1128.DC,20231013,1814.08,1830.63,1804.2,1817.89,1824.63,-6.74,-0.37,8486839.0,24130506886.0
BK1128.DC,20231016,1810.04,1810.04,1768.96,1780.39,1817.89,-37.5,-2.06,7873049.0,21717927481.0
BK1128.DC,20231017,1780.89,1782.17,1743.94,1765.61,1780.3899999999999,-14.78,-0.83,7172783.0,21365450105.0
BK1128.DC,20231018,1746.74,1746.74,1692.24,1716.54,1765.61,-49.07,-2.78,8400786.0,24624162800.0
BK1128.DC,20231019,1706.13,1731.74,1695.06,1696.27,1716.54,-20.27,-1.18,7593839.0,20741700420.0
BK1128.DC,20231020,1681.67,1700.29,1634.09,1635.72,1696.27,-60.55,-3.57,7141794.0,19057599320.0
BK1128.DC,20231023,1624.2,1631.5,1575.39,1589.52,1635.72,-46.2,-2.82,7932294.0,22129359296.0
BK1128.DC,20231024,1600.62,1646.6,1588.72,1620.16,1589.52,30.64,1.93,8777461.0,26512256431.0
BK1128.DC,20231025,1618.22,1645.41,1613.99,1621.86,1620.1599999999999,1.7,0.1,8313864.0,23678667720.0
BK1128.DC,20231026,1608.5,1655.84,1602.95,1654.62,1621.86,32.76,2.02,9707799.0,26084991922.0
BK1128.DC,20231027,1639.33,1664.26,1627.04,1652.65,1654.6200000000001,-1.97,-0.12,8567518.0,22367286798.0
BK1128.DC,20231030,1644.67,1682.09,1639.94,1680.64,1652.65,27.99,1.69,9695279.0,24053008832.0
BK1128.DC,20231031,1678.01,1683.66,1641.2,1652.01,1680.64,-28.63,-1.7,8917255.0,21723241711.0
BK1128.DC,20231101,1651.68,1664.9,1640.47,1646.53,1652.01,-5.48,-0.33,8133710.0,17418023395.0
BK1128.DC,20231102,1656.9,1669.21,1617.68,1618.69,1646.53,-27.84,-1.69,8695728.0,19296594638.0
BK1128.DC,20231103,1621.58,1666.89,1621.58,1662.14,1618.69,43.45,2.68,9571267.0,23572525258.0
BK1128.DC,20231106,1673.7,1711.07,1673.7,1711.04,1662.1399999999999,48.9,2.94,10282754.0,26117675900.0
BK1128.DC,20231107,1704.15,1793.21,1698.55,1775.65,1711.0400000000002,64.61,3.78,13038481.0,37135579082.0
BK1128.DC,20231108,1765.47,1788.13,1750.55,1775.95,1775.65,0.3,0.02,11522741.0,32399951645.0
BK1128.DC,20231109,1781.08,1799.05,1764.39,1773.77,1775.95,-2.18,-0.12,10566289.0,31336760875.0
BK1128.DC,20231110,1760.78,1792.76,1759.01,1765.19,1773.77,-8.58,-0.48,9439829.0,24657985258.0
BK1128.DC,20231113,1780.87,1823.54,1780.87,1806.52,1765.19,41.33,2.34,11369797.0,30041621826.0
BK1128.DC,20231114,1809.87,1837.29,1807.14,1836.77,1806.52,30.25,1.67,11035868.0,27563324578.0
BK1128.DC,20231115,1859.23,1863.04,1833.15,1843.76,1836.77,6.99,0.38,11610527.0,30100258976.0
BK1128.DC,20231116,1833.15,1842.22,1810.97,1810.97,1843.76,-32.79,-1.78,9268657.0,23473861235.0
BK1128.DC,20231117,1804.45,1873.03,1804.45,1868.42,1810.97,57.45,3.17,11142971.0,31242183370.0
BK1128.DC,20231120,1866.46,1885.77,1857.38,1880.72,1868.42,12.3,0.66,11559995.0,31258440688.0
BK1128.DC,20231121,1881.16,1904.79,1865.63,1869.21,1880.72,-11.51,-0.61,12083283.0,32002453066.0
BK1128.DC,20231122,1851.29,1851.56,1816.74,1816.74,1869.21,-52.47,-2.81,10502304.0,28635643467.0
BK1128.DC,20231123,1811.25,1830.84,1797.23,1827.29,1816.74,10.55,0.58,7679895.0,19908286703.0
BK1128.DC,20231124,1824.71,1824.71,1773.17,1780.77,1827.29,-46.52,-2.55,7135066.0,18840701645.0
BK1128.DC,20231127,1773.86,1825.49,1773.86,1813.19,1780.77,32.42,1.82,8548870.0,23468285786.0
BK1128.DC,20231128,1805.75,1817.04,1791.2,1805.54,1813.19,-7.65,-0.42,7328365.0,18465201896.0
BK1128.DC,20231129,1804.89,1815.57,1785.94,1788.86,1805.54,-16.68,-0.92,7023548.0,17340237324.0
BK1128.DC,20231130,1785.54,1792.77,1768.26,1789.69,1788.8600000000001,0.83,0.05,7677396.0,20149664215.0
BK1128.DC,20231201,1783.24,1843.38,1772.46,1833.47,1789.69,43.78,2.45,10567638.0,31556026608.0
BK1128.DC,20231204,1832.6,1864.66,1831.71,1839.04,1833.47,5.57,0.3,9828062.0,28819498410.0
BK1128.DC,20231205,1831.66,1832.06,1782.01,1782.08,1839.04,-56.96,-3.1,8214559.0,24019286366.0
BK1128.DC,20231206,1772.73,1788.9,1761.86,1766.69,1782.0800000000002,-15.39,-0.86,6981687.0,19083336173.0
BK1128.DC,20231207,1766.47,1800.53,1762.54,1786.87,1766.6899999999998,20.18,1.14,8043589.0,24807895432.0
BK1128.DC,20231208,1793.41,1889.19,1793.41,1874.09,1786.87,87.22,4.88,14183806.0,45974351219.0
BK1128.DC,20231211,1853.24,1880.96,1839.32,1880.83,1874.09,6.74,0.36,11235865.0,34785782674.0
BK1128.DC,20231212,1879.55,1886.71,1847.27,1864.61,1880.83,-16.22,-0.86,9008733.0,30162259195.0
BK1128.DC,20231213,1861.83,1866.01,1839.42,1839.42,1864.6100000000001,-25.19,-1.35,6958218.0,20766878013.0
BK1128.DC,20231214,1849.28,1861.61,1819.08,1820.72,1839.42,-18.7,-1.02,6777518.0,21170176824.0
BK1128.DC,20231215,1823.8,1828.77,1784.24,1791.49,1820.72,-29.23,-1.61,6335064.0,18878292023.0
BK1128.DC,20231218,1785.64,1793.46,1763.92,1769.55,1791.49,-21.94,-1.22,5938461.0,17708647011.0
BK1128.DC,20231219,1768.33,1780.4,1749.95,1768.96,1769.55,-0.59,-0.03,5324315.0,15476283676.0
BK1128.DC,20231220,1771.88,1772.09,1729.93,1730.1,1768.9599999999998,-38.86,-2.2,6026282.0,17409928697.0
BK1128.DC,20231221,1716.53,1771.04,1694.96,1749.2,1730.1000000000001,19.1,1.1,6571764.0,20011108089.0
BK1128.DC,20231222,1746.06,1750.11,1699.87,1707.33,1749.1999999999998,-41.87,-2.39,5872384.0,17295825511.0
BK1128.DC,20231225,1709.55,1724.26,1694.54,1713.81,1707.33,6.48,0.38,4103407.0,11613571668.0
BK1128.DC,20231226,1711.19,1711.19,1659.69,1667.42,1713.8100000000002,-46.39,-2.71,4985179.0,13052279656.0
BK1128.DC,20231227,1673.82,1693.66,1667.81,1686.75,1667.42,19.33,1.16,4731655.0,12333698809.0
BK1128.DC,20231228,1683.47,1736.53,1674.83,1727.53,1686.75,40.78,2.42,7227674.0,18166175422.0
BK1128.DC,20231229,1726.61,1780.21,1725.57,1777.59,1727.53,50.06,2.9,8044451.0,21476825573.0
BK1128.DC,20240102,1786.46,1788.35,1764.49,1764.49,1777.59,-13.1,-0.74,6561411.0,15041289700.0
BK1128.DC,20240103,1756.91,1759.35,1723.47,1734.66,1764.49,-29.83,-1.69,7462835.0,18890188219.0
BK1128.DC,20240104,1729.59,1738.48,1717.39,1728.57,1734.6599999999999,-6.09,-0.35,5883424.0,14872222627.0
BK1128.DC,20240105,1723.54,1723.54,1659.4,1668.01,1728.57,-60.56,-3.5,6574897.0,16227124284.0
BK1128.DC,20240108,1662.23,1664.18,1622.34,1622.39,1668.01,-45.62,-2.73,5439529.0,12644389849.0
BK1128.DC,20240109,1635.37,1656.65,1616.87,1629.32,1622.3899999999999,6.93,0.43,5522140.0,13918393430.0
BK1128.DC,20240110,1624.06,1630.43,1588.27,1601.85,1629.32,-27.47,-1.69,4937906.0,11698569169.0
BK1128.DC,20240111,1601.18,1660.27,1601.18,1651.93,1601.8500000000001,50.08,3.13,6048298.0,15206785540.0
BK1128.DC,20240112,1646.91,1648.11,1618.68,1618.84,1651.9299999999998,-33.09,-2.0,4856481.0,12170235860.0
BK1128.DC,20240115,1609.78,1635.79,1603.1,1619.49,1618.84,0.65,0.04,4510245.0,11668221291.0
BK1128.DC,20240116,1622.26,1623.59,1584.59,1610.74,1619.49,-8.75,-0.54,6407742.0,13614315655.0
BK1128.DC,20240117,1608.3,1617.14,1572.1,1572.1,1610.74,-38.64,-2.4,5598359.0,14962635059.0
BK1128.DC,20240118,1561.13,1617.46,1546.78,1617.46,1572.1000000000001,45.36,2.89,8783739.0,24081867219.0
BK1128.DC,20240119,1622.04,1640.56,1597.39,1597.4,1617.46,-20.06,-1.24,6773890.0,20109027343.0
BK1128.DC,20240122,1615.06,1620.88,1523.85,1537.15,1597.4,-60.25,-3.77,8209214.0,24681943099.0
BK1128.DC,20240123,1531.63,1597.22,1531.63,1587.94,1537.15,50.79,3.3,8037142.0,23734534188.0
BK1128.DC,20240124,1596.01,1599.98,1529.68,1594.04,1587.94,6.1,0.38,9558353.0,26220270145.0
BK1128.DC,20240125,1589.32,1663.84,1577.77,1658.56,1594.04,64.52,4.05,10432521.0,28855431907.0
BK1128.DC,20240126,1642.37,1656.35,1612.36,1616.15,1658.5600000000002,-42.41,-2.56,8522075.0,23321672114.0
BK1128.DC,20240129,1606.18,1606.18,1514.48,1515.16,1616.15,-100.99,-6.25,8019267.0,22494185937.0
BK1128.DC,20240130,1496.22,1511.37,1450.17,1452.13,1515.16,-63.03,-4.16,6008205.0,15156167683.0
BK1128.DC,20240131,1443.82,1457.57,1389.42,1389.42,1452.13,-62.71,-4.32,7531928.0,18017815948.0
BK1128.DC,20240201,1378.06,1454.37,1365.01,1419.81,1389.4199999999998,30.39,2.19,7337961.0,20335375066.0
BK1128.DC,20240202,1420.62,1446.89,1316.82,1360.26,1419.81,-59.55,-4.19,8824231.0,20908814120.0
BK1128.DC,20240205,1347.14,1347.94,1230.72,1264.0,1360.26,-96.26,-7.08,10249454.0,23907776154.0
BK1128.DC,20240206,1232.26,1363.83,1219.37,1344.61,1264.0,80.61,6.38,10376123.0,25009124226.0
BK1128.DC,20240207,1346.41,1391.71,1331.82,1347.08,1344.61,2.47,0.18,10246944.0,24358937720.0
BK1128.DC,20240208,1362.56,1438.97,1362.56,1438.97,1347.08,91.89,6.82,10630808.0,27470674739.0
BK1128.DC,20240219,1487.94,1566.51,1481.72,1564.81,1438.97,125.84,8.75,12721484.0,36914766081.0
BK1128.DC,20240220,1547.52,1576.92,1528.8,1566.06,1564.81,1.25,0.08,13170008.0,36421849314.0
BK1128.DC,20240221,1529.85,1596.1,1526.21,1556.02,1566.06,-10.04,-0.64,12013855.0,32425165580.0
BK1128.DC,20240222,1585.16,1611.65,1571.2,1606.85,1556.02,50.83,3.27,11650232.0,32905305207.0
BK1128.DC,20240223,1629.85,1679.97,1611.93,1658.74,1606.85,51.89,3.23,12451642.0,36701126251.0
BK1128.DC,20240226,1637.4,1697.08,1635.76,1671.26,1658.74,12.52,0.75,12355122.0,32769508179.0
BK1128.DC,20240227,1652.07,1773.03,1647.46,1770.48,1671.26,99.22,5.94,15857745.0,44024107619.0
BK1128.DC,20240228,1770.28,1791.51,1640.89,1640.89,1770.48,-129.59,-7.32,17548794.0,46133328713.0
BK1128.DC,20240229,1630.71,1735.3,1630.71,1735.28,1640.8899999999999,94.39,5.75,14576460.0,40626735775.0
BK1128.DC,20240301,1741.26,1820.11,1741.26,1815.26,1735.28,79.98,4.61,17369398.0,51576876536.0
BK1128.DC,20240304,1847.38,1887.77,1807.95,1873.14,1815.26,57.88,3.19,17832745.0,55108985145.0
BK1128.DC,20240305,1854.09,1923.05,1845.9,1862.01,1873.14,-11.13,-0.59,20656229.0,61848683145.0
BK1128.DC,20240306,1842.03,1905.05,1830.05,1882.84,1862.01,20.83,1.12,18350906.0,48651863791.0
BK1128.DC,20240307,1884.53,1904.78,1825.64,1828.61,1882.84,-54.23,-2.88,15915576.0,44038758930.0
BK1128.DC,20240308,1854.99,1910.57,1838.0,1904.34,1828.61,75.73,4.14,16080133.0,48906638311.0
BK1128.DC,20240311,1865.9,1930.44,1857.33,1930.44,1904.3400000000001,26.1,1.37,14986224.0,46302143392.0
BK1128.DC,20240312,1929.04,1948.39,1896.87,1914.93,1930.44,-15.51,-0.8,14117095.0,44556201979.0
BK1128.DC,20240313,1946.1,1949.81,1909.16,1915.33,1914.9299999999998,0.4,0.02,14354184.0,43779851940.0
BK1128.DC,20240314,1888.03,1934.66,1877.46,1905.91,1915.3300000000002,-9.42,-0.49,13101758.0,40413737872.0
BK1128.DC,20240315,1895.85,1951.28,1883.0,1949.77,1905.91,43.86,2.3,13365402.0,46292607643.0
BK1128.DC,20240318,1955.8,1990.93,1955.8,1990.51,1949.77,40.74,2.09,14631439.0,47864219897.0
BK1128.DC,20240319,1974.46,2034.1,1958.24,2006.37,1990.51,15.86,0.8,15637081.0,50644185014.0
BK1128.DC,20240320,1998.11,2028.88,1987.67,2005.24,2006.3700000000001,-1.13,-0.06,12872042.0,43626783379.0
BK1128.DC,20240321,1998.24,2026.56,1993.06,1998.31,2005.24,-6.93,-0.35,11848694.0,38805377052.0
BK1128.DC,20240322,1984.84,2011.71,1968.56,1991.64,1998.3100000000002,-6.67,-0.33,13365972.0,43476179305.0
BK1128.DC,20240325,1978.94,2000.54,1928.83,1929.53,1991.6399999999999,-62.11,-3.12,11255398.0,35781036538.0
BK1128.DC,20240326,1913.78,1955.79,1870.63,1891.39,1929.5300000000002,-38.14,-1.98,12814109.0,46085098778.0
BK1128.DC,20240327,1888.68,1890.92,1787.89,1788.42,1891.39,-102.97,-5.44,12220629.0,38792123301.0
BK1128.DC,20240328,1783.12,1875.64,1783.12,1847.01,1788.42,58.59,3.28,12281014.0,38128090852.0
BK1128.DC,20240329,1842.6,1871.24,1820.15,1870.78,1847.01,23.77,1.29,9658195.0,29012668184.0
BK1128.DC,20240401,1886.22,1923.3,1886.22,1922.53,1870.78,51.75,2.77,10597890.0,35075631560.0
BK1128.DC,20240402,1911.96,1913.64,1843.56,1856.7,1922.53,-65.83,-3.42,10129208.0,32665322411.0
BK1128.DC,20240403,1848.99,1851.6,1792.17,1805.16,1856.7,-51.54,-2.78,7788394.0,23488654457.0
BK1128.DC,20240408,1793.79,1814.77,1776.12,1776.38,1805.16,-28.78,-1.59,7559400.0,24669607870.0
BK1128.DC,20240409,1776.16,1789.0,1749.4,1774.04,1776.3799999999999,-2.34,-0.13,6099164.0,19026343491.0
BK1128.DC,20240410,1768.01,1768.6,1699.08,1709.89,1774.0400000000002,-64.15,-3.62,6987245.0,19540534483.0
BK1128.DC,20240411,1704.65,1737.78,1704.65,1709.04,1709.8899999999999,-0.85,-0.05,6010200.0,17750182009.0
BK1128.DC,20240412,1717.25,1772.49,1717.25,1734.39,1709.0400000000002,25.35,1.48,8792207.0,29413279181.0
BK1128.DC,20240415,1729.03,1747.63,1663.63,1687.56,1734.3899999999999,-46.83,-2.7,8902845.0,24700274247.0
BK1128.DC,20240416,1671.49,1678.54,1580.5,1581.64,1687.5600000000002,-105.92,-6.28,9463754.0,24736945363.0
BK1128.DC,20240417,1606.35,1696.51,1606.35,1696.51,1581.6399999999999,114.87,7.26,8923494.0,25602885192.0
BK1128.DC,20240418,1686.53,1731.45,1655.06,1693.26,1696.51,-3.25,-0.19,9078761.0,25380475341.0
BK1128.DC,20240419,1681.72,1686.7,1633.67,1651.94,1693.26,-41.32,-2.44,7952115.0,23263213010.0
BK1128.DC,20240422,1605.63,1631.7,1569.37,1622.04,1651.94,-29.9,-1.81,6643293.0,22719224098.0
BK1128.DC,20240423,1633.48,1647.97,1622.26,1635.34,1622.04,13.3,0.82,5585414.0,18931064726.0
BK1128.DC,20240424,1641.57,1713.09,1633.15,1713.09,1635.34,77.75,4.75,8728324.0,31018517159.0
BK1128.DC,20240425,1700.54,1724.33,1699.3,1706.95,1713.0900000000001,-6.14,-0.36,8574098.0,24651198280.0
BK1128.DC,20240426,1716.21,1791.69,1711.06,1780.49,1706.95,73.54,4.31,13891892.0,43202865502.0
BK1128.DC,20240429,1799.15,1839.22,1799.15,1832.44,1780.49,51.95,2.92,13433805.0,38053928092.0
BK1128.DC,20240430,1831.85,1844.14,1804.46,1819.13,1832.44,-13.31,-0.73,9667785.0,26185684872.0
BK1128.DC,20240506,1847.24,1852.27,1821.09,1827.09,1819.1299999999999,7.96,0.44,9896905.0,29671635807.0
BK1128.DC,20240507,1836.42,1842.95,1800.82,1816.21,1827.0900000000001,-10.88,-0.6,8926899.0,30113534330.0
BK1128.DC,20240508,1808.12,1810.09,1774.9,1777.82,1816.21,-38.39,-2.11,7269500.0,21088118449.0
BK1128.DC,20240509,1778.87,1802.28,1777.18,1793.2,1777.82,15.38,0.87,7392094.0,20931031423.0
BK1128.DC,20240510,1796.2,1797.14,1752.58,1762.13,1793.2,-31.07,-1.73,8200883.0,20668213320.0
BK1128.DC,20240513,1750.28,1767.26,1732.22,1742.46,1762.13,-19.67,-1.12,9638484.0,24883268113.0
BK1128.DC,20240514,1750.44,1774.96,1737.17,1752.12,1742.4599999999998,9.66,0.55,7871954.0,23232232816.0
BK1128.DC,20240515,1749.64,1778.22,1738.3,1752.84,1752.12,0.72,0.04,6855273.0,18578253103.0
BK1128.DC,20240516,1774.25,1802.79,1773.07,1780.19,1752.8400000000001,27.35,1.56,11377013.0,32007616786.0
BK1128.DC,20240517,1766.32,1811.34,1763.37,1811.34,1780.1899999999998,31.15,1.75,9353902.0,26587440048.0
BK1128.DC,20240520,1803.25,1823.26,1788.29,1822.19,1811.3400000000001,10.85,0.6,8868346.0,27227383686.0
BK1128.DC,20240521,1819.13,1828.06,1804.01,1811.13,1822.19,-11.06,-0.61,7300546.0,20119359650.0
BK1128.DC,20240522,1805.76,1819.99,1797.17,1819.25,1811.13,8.12,0.45,7844417.0,21444924559.0
BK1128.DC,20240523,1827.52,1828.99,1786.42,1799.92,1819.25,-19.33,-1.06,8534219.0,25195632389.0
BK1128.DC,20240524,1800.97,1832.43,1777.77,1778.69,1799.92,-21.23,-1.18,9876295.0,31016857571.0
BK1128.DC,20240527,1779.52,1792.62,1736.01,1776.59,1778.6899999999998,-2.1,-0.12,9434092.0,25763144254.0
BK1128.DC,20240528,1768.62,1793.7,1752.19,1753.21,1776.5900000000001,-23.38,-1.32,8545547.0,24934470281.0
BK1128.DC,20240529,1770.46,1777.4,1743.12,1751.34,1753.2099999999998,-1.87,-0.11,6429307.0,18621730884.0
BK1128.DC,20240530,1740.32,1759.98,1719.69,1748.34,1751.34,-3.0,-0.17,6981217.0,17669199708.0
BK1128.DC,20240531,1745.03,1798.04,1741.06,1765.82,1748.34,17.48,1.0,7425551.0,19077851779.0
BK1128.DC,20240603,1766.79,1802.6,1759.88,1782.86,1765.82,17.04,0.96,9381270.0,28485283084.0
BK1128.DC,20240604,1772.9,1774.67,1741.83,1763.12,1782.86,-19.74,-1.11,7361050.0,20284174437.0
BK1128.DC,20240605,1755.27,1770.99,1733.39,1733.52,1763.12,-29.6,-1.68,6559441.0,17213173766.0
BK1128.DC,20240606,1744.4,1769.64,1703.92,1709.81,1733.52,-23.71,-1.37,9611406.0,27840792935.0
BK1128.DC,20240607,1718.52,1728.78,1679.23,1697.5,1709.81,-12.31,-0.72,8309563.0,22259411349.0
BK1128.DC,20240611,1686.84,1729.49,1672.05,1728.92,1697.5,31.42,1.85,7646701.0,18045473568.0
BK1128.DC,20240612,1726.87,1755.76,1726.7,1750.13,1728.92,21.21,1.23,8170884.0,20715362113.0
BK1128.DC,20240613,1754.44,1779.56,1751.85,1756.53,1750.1299999999999,6.4,0.37,8542956.0,23794338523.0
BK1128.DC,20240614,1752.82,1828.18,1744.18,1815.25,1756.53,58.72,3.34,11769798.0,40342807421.0
BK1128.DC,20240617,1808.13,1831.03,1802.94,1824.84,1815.25,9.59,0.53,11489987.0,35615657568.0
BK1128.DC,20240618,1822.65,1878.17,1822.65,1861.29,1824.84,36.45,2.0,11467654.0,37110735759.0
BK1128.DC,20240619,1870.76,1874.03,1838.9,1841.78,1861.29,-19.51,-1.05,10037553.0,28739483942.0
BK1128.DC,20240620,1838.22,1850.44,1802.35,1802.35,1841.78,-39.43,-2.14,9204221.0,25796837006.0
BK1128.DC,20240621,1783.21,1828.39,1761.42,1810.56,1802.35,8.21,0.46,8043229.0,24225873682.0
BK1128.DC,20240624,1795.78,1814.19,1743.34,1746.12,1810.56,-64.44,-3.56,9964480.0,27471339103.0
BK1128.DC,20240625,1738.59,1743.37,1690.15,1703.96,1746.1200000000001,-42.16,-2.41,8976438.0,26889190146.0
BK1128.DC,20240626,1710.28,1767.86,1694.8,1765.02,1703.96,61.06,3.58,8422539.0,25029477030.0
BK1128.DC,20240627,1752.78,1769.44,1723.1,1723.95,1765.02,-41.07,-2.33,7827745.0,22969645034.0
BK1128.DC,20240628,1717.42,1785.47,1717.04,1760.3,1723.95,36.35,2.11,8958467.0,25955466622.0
BK1128.DC,20240701,1759.88,1777.74,1727.12,1769.5,1760.3,9.2,0.52,7209729.0,24171847472.0
BK1128.DC,20240702,1766.5,1773.34,1735.23,1743.2,1769.5,-26.3,-1.49,7198534.0,22661834022.0
BK1128.DC,20240703,1738.5,1738.5,1706.52,1713.67,1743.2,-29.53,-1.69,6889650.0,18451566521.0
BK1128.DC,20240704,1719.97,1732.71,1677.06,1677.06,1713.6699999999998,-36.61,-2.14,7429806.0,19081541274.0
BK1128.DC,20240705,1673.77,1694.74,1648.33,1685.43,1677.0600000000002,8.37,0.5,6753501.0,18068444372.0
BK1128.DC,20240708,1681.8,1686.36,1648.91,1652.76,1685.43,-32.67,-1.94,8278885.0,18830544193.0
BK1128.DC,20240709,1650.29,1742.8,1645.76,1738.93,1652.76,86.17,5.21,12390340.0,31571824435.0
BK1128.DC,20240710,1729.53,1758.05,1726.99,1743.4,1738.93,4.47,0.26,10138411.0,25546486834.0
BK1128.DC,20240711,1768.3,1784.26,1753.61,1782.02,1743.4,38.62,2.22,12820083.0,30730702714.0
BK1128.DC,20240712,1767.02,1768.44,1751.03,1757.9,1782.02,-24.12,-1.35,8739061.0,20489691655.0
BK1128.DC,20240715,1753.86,1753.86,1722.24,1734.26,1757.9,-23.64,-1.34,7082942.0,17130638936.0
BK1128.DC,20240716,1732.14,1761.47,1711.03,1761.47,1734.26,27.21,1.57,10582980.0,27842784388.0
BK1128.DC,20240717,1754.22,1760.08,1713.11,1713.12,1761.4699999999998,-48.35,-2.74,10262569.0,27159633423.0
BK1128.DC,20240718,1692.49,1694.86,1642.35,1689.57,1713.12,-23.55,-1.37,11204782.0,31076489898.0
BK1128.DC,20240719,1680.74,1710.55,1677.11,1695.38,1689.5700000000002,5.81,0.34,9180424.0,24122569302.0
BK1128.DC,20240722,1696.82,1721.68,1693.85,1713.43,1695.38,18.05,1.06,8098167.0,20285811628.0
BK1128.DC,20240723,1719.61,1719.8,1659.46,1659.51,1713.43,-53.92,-3.15,7900702.0,20077646110.0
BK1128.DC,20240724,1652.21,1691.48,1645.48,1648.26,1659.51,-11.25,-0.68,7983215.0,19458880034.0
BK1128.DC,20240725,1629.21,1644.73,1601.37,1623.0,1648.26,-25.26,-1.53,8407723.0,22793991305.0
BK1128.DC,20240726,1624.3,1658.88,1621.42,1648.14,1623.0,25.14,1.55,7053380.0,18026599548.0
BK1128.DC,20240729,1655.25,1676.42,1643.37,1659.37,1648.1399999999999,11.23,0.68,7071280.0,21093620432.0
BK1128.DC,20240730,1652.82,1677.96,1638.97,1668.81,1659.37,9.44,0.57,6218209.0,17137730700.0
BK1128.DC,20240731,1669.51,1725.74,1669.51,1725.27,1668.81,56.46,3.38,10156964.0,26040729439.0
BK1128.DC,20240801,1736.6,1744.9,1716.81,1722.79,1725.27,-2.48,-0.14,8132509.0,22336177441.0
BK1128.DC,20240802,1698.78,1710.97,1661.32,1662.69,1722.79,-60.1,-3.49,8156692.0,23878898582.0
BK1128.DC,20240805,1634.45,1657.69,1574.77,1574.77,1662.69,-87.92,-5.29,10164923.0,28208777784.0
BK1128.DC,20240806,1604.31,1613.73,1580.82,1599.72,1574.77,24.95,1.58,7167916.0,19202630159.0
BK1128.DC,20240807,1608.22,1645.58,1608.22,1626.71,1599.72,26.99,1.69,6905924.0,16557976364.0
BK1128.DC,20240808,1620.47,1632.84,1595.45,1607.18,1626.71,-19.53,-1.2,8262489.0,16586469851.0
BK1128.DC,20240809,1619.08,1634.96,1605.23,1605.29,1607.18,-1.89,-0.12,7144694.0,17254530958.0
BK1128.DC,20240812,1596.81,1605.22,1581.55,1587.55,1605.29,-17.74,-1.11,6133156.0,11988812667.0
BK1128.DC,20240813,1590.32,1608.2,1583.34,1604.95,1587.55,17.4,1.1,5188173.0,12869462630.0
BK1128.DC,20240814,1616.17,1616.95,1600.87,1602.25,1604.95,-2.7,-0.17,5864320.0,12587737901.0
BK1128.DC,20240815,1594.14,1630.48,1589.77,1618.04,1602.25,15.79,0.99,6822450.0,13242690711.0
BK1128.DC,20240816,1626.66,1650.65,1626.66,1632.73,1618.04,14.69,0.91,7691244.0,18320395102.0
BK1128.DC,20240819,1629.04,1652.01,1616.4,1629.86,1632.7299999999998,-2.87,-0.18,6951153.0,14773826254.0
BK1128.DC,20240820,1629.04,1632.78,1601.46,1605.66,1629.8600000000001,-24.2,-1.48,6788961.0,13620064987.0
BK1128.DC,20240821,1595.25,1620.14,1592.61,1603.5,1605.66,-2.16,-0.13,5977716.0,12638730146.0
BK1128.DC,20240822,1602.5,1608.87,1572.08,1574.92,1603.5,-28.58,-1.78,6121009.0,12365276813.0
BK1128.DC,20240823,1568.89,1584.45,1554.95,1577.33,1574.9199999999998,2.41,0.15,5636738.0,11757210945.0
BK1128.DC,20240826,1581.78,1585.28,1566.05,1573.93,1577.3300000000002,-3.4,-0.22,6114735.0,16004278825.0
BK1128.DC,20240827,1564.9,1565.29,1533.88,1536.33,1573.9299999999998,-37.6,-2.39,5670608.0,12170843676.0
BK1128.DC,20240828,1530.56,1547.51,1526.34,1538.92,1536.3300000000002,2.59,0.17,4693880.0,10774990717.0
BK1128.DC,20240829,1532.78,1576.34,1521.03,1567.51,1538.92,28.59,1.86,7436432.0,18622789228.0
BK1128.DC,20240830,1566.3,1634.47,1566.3,1614.33,1567.51,46.82,2.99,10618268.0,24732027028.0
BK1128.DC,20240902,1611.39,1621.72,1574.63,1574.68,1614.3300000000002,-39.65,-2.46,7864418.0,17469964568.0
BK1128.DC,20240903,1574.17,1600.77,1574.17,1594.33,1574.6799999999998,19.65,1.25,6170448.0,12804383974.0
BK1128.DC,20240904,1568.51,1589.3,1558.8,1578.69,1594.3300000000002,-15.64,-0.98,6618699.0,16499193267.0
BK1128.DC,20240905,1579.24,1604.66,1574.39,1586.32,1578.6899999999998,7.63,0.48,6082857.0,13455795664.0
BK1128.DC,20240906,1583.15,1585.58,1539.71,1540.22,1586.32,-46.1,-2.91,5655683.0,12036178828.0
BK1128.DC,20240909,1531.41,1540.53,1522.66,1533.34,1540.22,-6.88,-0.45,4811028.0,12037568441.0
BK1128.DC,20240910,1534.53,1578.91,1515.75,1568.44,1533.3400000000001,35.1,2.29,6571735.0,17524853730.0
BK1128.DC,20240911,1562.41,1572.87,1552.29,1560.97,1568.44,-7.47,-0.48,5081648.0,13019708854.0
BK1128.DC,20240912,1578.11,1585.61,1553.37,1553.37,1560.9699999999998,-7.6,-0.49,5121665.0,13545422382.0
BK1128.DC,20240913,1554.65,1572.87,1549.57,1549.57,1553.37,-3.8,-0.24,6782829.0,19255369546.0
BK1128.DC,20240918,1544.14,1550.75,1513.71,1534.91,1549.5700000000002,-14.66,-0.95,5415150.0,12767786803.0
BK1128.DC,20240919,1542.88,1562.74,1525.34,1551.98,1534.91,17.07,1.11,6388064.0,15160210964.0
BK1128.DC,20240920,1556.87,1561.98,1541.57,1550.38,1551.98,-1.6,-0.1,5862361.0,13041026503.0
BK1128.DC,20240923,1548.32,1577.15,1539.37,1552.92,1550.38,2.54,0.16,6018490.0,12682716728.0
BK1128.DC,20240924,1556.99,1618.6,1544.8,1618.48,1552.92,65.56,4.22,10835683.0,25566253296.0
BK1128.DC,20240925,1633.78,1670.94,1628.01,1632.54,1618.48,14.06,0.87,11500314.0,26078570802.0
BK1128.DC,20240926,1630.73,1676.95,1624.13,1676.95,1632.54,44.41,2.72,10572469.0,24840096580.0
BK1128.DC,20240927,1695.53,1781.96,1692.23,1771.38,1676.95,94.43,5.63,13156557.0,36115329013.0
BK1128.DC,20240930,1855.08,1998.99,1821.75,1993.28,1771.3799999999999,221.9,12.53,23279995.0,59637516803.0
BK1128.DC,20241008,2266.27,2266.27,2070.57,2246.55,1993.2800000000002,253.27,12.71,27733739.0,80870121447.0
BK1128.DC,20241009,2182.84,2213.52,2050.53,2050.55,2246.55,-196.0,-8.72,26331148.0,74854589660.0
BK1128.DC,20241010,2073.42,2110.86,1996.66,2028.47,2050.55,-22.08,-1.08,17469563.0,49832652758.0
BK1128.DC,20241011,2010.47,2020.61,1898.06,1926.86,2028.4699999999998,-101.61,-5.01,13621337.0,36780330292.0
BK1128.DC,20241014,1929.46,2020.57,1900.86,2020.57,1926.86,93.71,4.86,14068328.0,40004789476.0
BK1128.DC,20241015,2015.14,2079.95,1989.69,1990.03,2020.57,-30.54,-1.51,15076716.0,40503972831.0
BK1128.DC,20241016,1944.01,1993.97,1943.17,1964.48,1990.03,-25.55,-1.28,10583626.0,32505540674.0
BK1128.DC,20241017,1981.66,2036.16,1980.71,1996.89,1964.48,32.41,1.65,14630647.0,32854269183.0
BK1128.DC,20241018,1996.96,2173.97,1996.96,2128.21,1996.89,131.32,6.58,22647658.0,63920847973.0
BK1128.DC,20241021,2164.79,2274.79,2157.51,2223.16,2128.21,94.95,4.46,25388919.0,73557413908.0
BK1128.DC,20241022,2283.79,2283.79,2208.89,2235.18,2223.16,12.02,0.54,25101780.0,62824404757.0
BK1128.DC,20241023,2204.97,2296.3,2204.97,2244.35,2235.18,9.17,0.41,23809333.0,62670867298.0
BK1128.DC,20241024,2222.49,2310.9,2205.99,2273.0,2244.35,28.65,1.28,20014463.0,55174452874.0
BK1128.DC,20241025,2288.1,2330.67,2265.58,2300.38,2273.0,27.38,1.2,20574234.0,55255395821.0
BK1128.DC,20241028,2300.77,2330.17,2286.21,2328.47,2300.3799999999997,28.09,1.22,21842715.0,56572136839.0
BK1128.DC,20241029,2328.9,2360.96,2290.58,2307.66,2328.47,-20.81,-0.89,25028190.0,62473377770.0
BK1128.DC,20241030,2299.14,2384.09,2299.14,2353.08,2307.66,45.42,1.97,24449053.0,57680827439.0
BK1128.DC,20241031,2350.14,2387.31,2321.8,2360.67,2353.08,7.59,0.32,27181668.0,66139568339.0
BK1128.DC,20241101,2338.11,2341.57,2244.45,2258.26,2360.67,-102.41,-4.34,23490001.0,56249965441.0
BK1128.DC,20241104,2247.17,2326.54,2247.17,2322.22,2258.2599999999998,63.96,2.83,13804769.0,38144604416.0
BK1128.DC,20241105,2314.7,2405.16,2306.69,2394.03,2322.2200000000003,71.81,3.09,20632189.0,59509992050.0
BK1128.DC,20241106,2406.12,2426.9,2364.35,2391.64,2394.0299999999997,-2.39,-0.1,24174316.0,68184535807.0
BK1128.DC,20241107,2369.07,2438.63,2361.46,2430.25,2391.64,38.61,1.61,19484240.0,55707094777.0
BK1128.DC,20241108,2450.65,2534.7,2450.65,2476.27,2430.25,46.02,1.89,23418137.0,70972045996.0
BK1128.DC,20241111,2489.95,2587.15,2481.26,2584.59,2476.27,108.32,4.37,27552784.0,79307625565.0
BK1128.DC,20241112,2587.77,2588.62,2492.27,2524.53,2584.59,-60.06,-2.32,24077451.0,71098422213.0
BK1128.DC,20241113,2502.28,2527.5,2458.25,2525.09,2524.53,0.56,0.02,16098778.0,58111368207.0
BK1128.DC,20241114,2514.24,2520.56,2414.91,2419.95,2525.0899999999997,-105.14,-4.16,14357972.0,45556544791.0
BK1128.DC,20241115,2413.53,2442.54,2322.7,2322.73,2419.95,-97.22,-4.02,14561638.0,46147522919.0
BK1128.DC,20241118,2325.85,2334.36,2219.15,2236.91,2322.73,-85.82,-3.69,14087558.0,40549507542.0
BK1128.DC,20241119,2249.1,2308.71,2226.95,2308.71,2236.91,71.8,3.21,11733600.0,34430770781.0
BK1128.DC,20241120,2306.44,2356.53,2304.06,2344.63,2308.71,35.92,1.56,12059672.0,35855059980.0
BK1128.DC,20241121,2330.86,2353.84,2308.2,2341.8,2344.63,-2.83,-0.12,12014696.0,35660859659.0
BK1128.DC,20241122,2341.25,2365.28,2239.01,2240.97,2341.7999999999997,-100.83,-4.31,13155217.0,36136457810.0
BK1128.DC,20241125,2244.77,2252.4,2185.14,2233.47,2240.97,-7.5,-0.33,15137383.0,37955034007.0
BK1128.DC,20241126,2242.18,2276.31,2230.76,2232.82,2233.4700000000003,-0.65,-0.03,13561180.0,29488378642.0
BK1128.DC,20241127,2218.98,2285.77,2183.38,2285.65,2232.82,52.83,2.37,15064480.0,34324497290.0
BK1128.DC,20241128,2288.76,2299.53,2250.64,2258.63,2285.65,-27.02,-1.18,13676113.0,30991493503.0
BK1128.DC,20241129,2258.82,2327.75,2247.54,2300.52,2258.63,41.89,1.85,16938531.0,34440813343.0
BK1128.DC,20241202,2303.97,2358.19,2303.82,2350.59,2300.52,50.07,2.18,21426074.0,43313252352.0
BK1128.DC,20241203,2348.83,2355.4,2300.67,2326.88,2350.59,-23.71,-1.01,17367156.0,32055660804.0
BK1128.DC,20241204,2327.68,2337.21,2272.19,2285.35,2326.88,-41.53,-1.78,13163413.0,25669210906.0
BK1128.DC,20241205,2281.2,2333.95,2280.44,2322.91,2285.35,37.56,1.64,13542525.0,30095991582.0
BK1128.DC,20241206,2324.67,2344.21,2298.75,2327.12,2322.91,4.21,0.18,12898977.0,28843199410.0
BK1128.DC,20241209,2322.14,2323.08,2268.82,2290.64,2327.12,-36.48,-1.57,10918712.0,27832462007.0
BK1128.DC,20241210,2361.74,2365.06,2300.6,2304.63,2290.6400000000003,13.99,0.61,15704253.0,38930843509.0
BK1128.DC,20241211,2303.34,2348.41,2300.79,2348.0,2304.63,43.37,1.88,14693901.0,36572485206.0
BK1128.DC,20241212,2353.24,2381.69,2340.38,2366.22,2348.0,18.22,0.78,13539977.0,38797457636.0
BK1128.DC,20241213,2353.56,2371.14,2329.97,2330.69,2366.2200000000003,-35.53,-1.5,13822648.0,41205498494.0
BK1128.DC,20241216,2346.82,2366.41,2321.02,2346.1,2330.69,15.41,0.66,12423464.0,39945922831.0
BK1128.DC,20241217,2345.45,2394.08,2323.34,2330.27,2346.1,-15.83,-0.67,15521677.0,44544318140.0
BK1128.DC,20241218,2333.53,2369.24,2292.13,2351.55,2330.27,21.28,0.91,12803849.0,35181017734.0
BK1128.DC,20241219,2328.31,2462.72,2328.11,2460.37,2351.5499999999997,108.82,4.63,19078381.0,51314735088.0
BK1128.DC,20241220,2457.86,2537.15,2444.8,2503.95,2460.37,43.58,1.77,18921913.0,53471365497.0
BK1128.DC,20241223,2513.5,2543.91,2431.26,2432.8,2503.9500000000003,-71.15,-2.84,18016809.0,56100670698.0
BK1128.DC,20241224,2445.32,2464.96,2402.13,2455.76,2432.8,22.96,0.94,15479001.0,43798606962.0
BK1128.DC,20241225,2446.9,2457.82,2405.45,2432.43,2455.7599999999998,-23.33,-0.95,15500349.0,42479840477.0
BK1128.DC,20241226,2422.16,2566.79,2411.52,2558.75,2432.43,126.32,5.19,22881505.0,65288692707.0
BK1128.DC,20241227,2549.98,2581.57,2523.7,2535.97,2558.75,-22.78,-0.89,26333969.0,67280833012.0
BK1128.DC,20241230,2542.38,2569.99,2494.67,2533.41,2535.97,-2.56,-0.1,21622423.0,62414072282.0
BK1128.DC,20241231,2533.8,2537.84,2415.9,2415.9,2533.4100000000003,-117.51,-4.64,19095581.0,52111855499.0
BK1128.DC,20250102,2396.82,2434.73,2317.16,2345.76,2415.9,-70.14,-2.9,17265832.0,45827071141.0
BK1128.DC,20250103,2348.86,2357.85,2222.4,2226.17,2345.76,-119.59,-5.1,14754597.0,38735637136.0
BK1128.DC,20250106,2217.84,2254.55,2181.54,2206.09,2226.17,-20.08,-0.9,12207164.0,34031297082.0
BK1128.DC,20250107,2212.15,2318.67,2210.26,2318.43,2206.0899999999997,112.34,5.09,16240328.0,43610913783.0
BK1128.DC,20250108,2292.99,2327.11,2224.88,2308.91,2318.43,-9.52,-0.41,17180642.0,44015149984.0
BK1128.DC,20250109,2301.65,2356.04,2300.66,2328.03,2308.9100000000003,19.12,0.83,13948607.0,39058278487.0
BK1128.DC,20250110,2319.58,2337.49,2241.65,2241.65,2328.03,-86.38,-3.71,21755233.0,50066674023.0
BK1128.DC,20250113,2205.35,2253.77,2183.32,2223.41,2241.6499999999996,-18.24,-0.81,16493241.0,35174657439.0
BK1128.DC,20250114,2243.63,2353.19,2211.51,2353.16,2223.41,129.75,5.84,22797672.0,48462881697.0
BK1128.DC,20250115,2342.09,2359.47,2318.37,2332.4,2353.1600000000003,-20.76,-0.88,16112081.0,35735895943.0
BK1128.DC,20250116,2350.95,2430.04,2338.51,2409.59,2332.4,77.19,3.31,22163671.0,58238529140.0
BK1128.DC,20250117,2396.4,2452.99,2388.25,2429.38,2409.59,19.79,0.82,21641829.0,51192467226.0
BK1128.DC,20250120,2449.67,2490.57,2436.51,2469.64,2429.3799999999997,40.26,1.66,19352562.0,50236536038.0
BK1128.DC,20250121,2493.04,2508.62,2458.68,2506.48,2469.64,36.84,1.49,18599123.0,51384991899.0
BK1128.DC,20250122,2509.34,2579.14,2509.34,2544.21,2506.48,37.73,1.51,20218730.0,62140706892.0
BK1128.DC,20250123,2568.93,2632.94,2525.48,2525.48,2544.21,-18.73,-0.74,22018534.0,58370709134.0
BK1128.DC,20250124,2523.87,2594.13,2523.87,2590.07,2525.48,64.59,2.56,19928431.0,52026284075.0
BK1128.DC,20250127,2565.5,2566.42,2462.68,2462.76,2590.07,-127.31,-4.92,16507052.0,49635018431.0
BK1128.DC,20250205,2446.99,2451.83,2380.02,2403.33,2462.7599999999998,-59.43,-2.41,17164494.0,54502764680.0
BK1128.DC,20250206,2410.57,2495.04,2400.15,2493.42,2403.33,90.09,3.75,18929015.0,53658553452.0
BK1128.DC,20250207,2490.11,2586.09,2490.11,2550.32,2493.42,56.9,2.28,22648267.0,64263313423.0
BK1128.DC,20250210,2570.23,2592.57,2559.06,2590.16,2550.3199999999997,39.84,1.56,19301810.0,49881565834.0
BK1128.DC,20250211,2591.82,2623.29,2577.03,2594.63,2590.1600000000003,4.47,0.17,17636672.0,46130205561.0
BK1128.DC,20250212,2586.04,2641.69,2583.98,2641.11,2594.63,46.48,1.79,18523625.0,49741654385.0
BK1128.DC,20250213,2635.33,2635.33,2590.07,2590.07,2641.11,-51.04,-1.93,18575352.0,49372194592.0
BK1128.DC,20250214,2583.68,2628.66,2567.87,2592.36,2590.07,2.29,0.09,20976587.0,53181087892.0
BK1128.DC,20250217,2610.24,2693.59,2610.24,2666.33,2592.36,73.97,2.85,22865913.0,71109576671.0
BK1128.DC,20250218,2647.24,2677.34,2579.42,2590.49,2666.33,-75.84,-2.84,18651080.0,57631301968.0
BK1128.DC,20250219,2588.62,2656.48,2578.96,2656.48,2590.4900000000002,65.99,2.55,15920172.0,47130638134.0
BK1128.DC,20250220,2661.39,2695.97,2643.4,2692.85,2656.48,36.37,1.37,20603360.0,55730815826.0
BK1128.DC,20250221,2714.55,2803.97,2696.64,2796.33,2692.85,103.48,3.84,27771106.0,82266606978.0
BK1128.DC,20250224,2785.58,2793.71,2736.69,2766.12,2796.33,-30.21,-1.08,23278937.0,71857505916.0
BK1128.DC,20250225,2697.92,2774.67,2696.31,2742.48,2766.12,-23.64,-0.85,19689456.0,59097724316.0
BK1128.DC,20250226,2746.59,2760.76,2711.08,2760.68,2742.48,18.2,0.66,18060714.0,56119472240.0
BK1128.DC,20250227,2760.48,2760.68,2629.92,2681.19,2760.68,-79.49,-2.88,19053799.0,59158301182.0
BK1128.DC,20250228,2638.91,2639.69,2516.19,2523.12,2681.19,-158.07,-5.9,17355201.0,54940396759.0
BK1128.DC,20250303,2539.74,2547.1,2472.3,2494.74,2523.12,-28.38,-1.12,15247064.0,44411586090.0
BK1128.DC,20250304,2458.56,2535.15,2458.56,2533.83,2494.74,39.09,1.57,12786090.0,34917128268.0
BK1128.DC,20250305,2545.72,2590.76,2545.37,2590.76,2533.8300000000004,56.93,2.25,13463434.0,38518452753.0
BK1128.DC,20250306,2612.27,2655.27,2602.0,2646.58,2590.7599999999998,55.82,2.15,19436323.0,53585099266.0
BK1128.DC,20250307,2629.72,2641.31,2580.84,2601.41,2646.58,-45.17,-1.71,17515308.0,45912158552.0
BK1128.DC,20250310,2593.43,2622.08,2581.35,2619.24,2601.41,17.83,0.69,12554603.0,35470504915.0
BK1128.DC,20250311,2574.86,2614.48,2573.12,2614.44,2619.2400000000002,-4.8,-0.18,12904488.0,33178372512.0
BK1128.DC,20250312,2630.67,2683.1,2624.93,2646.71,2614.44,32.27,1.23,15917684.0,43212791379.0
BK1128.DC,20250313,2652.67,2662.69,2570.48,2596.48,2646.71,-50.23,-1.9,14574840.0,39872634165.0
BK1128.DC,20250314,2586.84,2659.14,2575.38,2657.79,2596.48,61.31,2.36,19499902.0,49852123016.0
BK1128.DC,20250317,2667.36,2678.16,2655.4,2673.68,2657.79,15.89,0.6,18395212.0,43242905551.0
BK1128.DC,20250318,2676.35,2693.18,2646.92,2690.14,2673.68,16.46,0.62,17635507.0,50451265687.0
BK1128.DC,20250319,2668.05,2668.68,2601.6,2610.98,2690.14,-79.16,-2.94,14214781.0,40096325020.0
BK1128.DC,20250320,2606.18,2619.51,2586.66,2587.52,2610.98,-23.46,-0.9,10288363.0,25758985471.0
BK1128.DC,20250321,2571.43,2590.02,2525.37,2531.99,2587.52,-55.53,-2.15,15698237.0,34154474717.0
BK1128.DC,20250324,2537.82,2547.84,2454.63,2520.88,2531.9900000000002,-11.11,-0.44,14592990.0,33963978822.0
BK1128.DC,20250325,2522.97,2541.78,2480.72,2490.33,2520.88,-30.55,-1.21,11026544.0,26684405878.0
BK1128.DC,20250326,2488.09,2517.8,2488.09,2495.29,2490.33,4.96,0.2,10606893.0,21184080139.0
BK1128.DC,20250327,2479.42,2498.16,2439.41,2470.28,2495.2900000000004,-25.01,-1.0,10416362.0,21895747540.0
BK1128.DC,20250328,2468.39,2485.06,2445.62,2445.62,2470.2799999999997,-24.66,-1.0,8475903.0,18966836812.0
BK1128.DC,20250331,2432.26,2450.64,2399.35,2446.4,2445.62,0.78,0.03,9843102.0,21525206588.0
BK1128.DC,20250401,2450.06,2467.02,2443.42,2448.31,2446.4,1.91,0.08,8146805.0,17131038692.0
BK1128.DC,20250402,2450.92,2491.12,2447.74,2463.52,2448.31,15.21,0.62,8476508.0,23428826352.0
BK1128.DC,20250403,2422.24,2455.56,2379.92,2400.79,2463.52,-62.73,-2.55,11317700.0,34070544414.0
BK1128.DC,20250407,2200.16,2231.63,2072.48,2079.6,2400.79,-321.19,-13.38,10357839.0,26800298857.0
BK1128.DC,20250408,2048.75,2102.85,1971.62,2019.71,2079.6,-59.89,-2.88,16901812.0,40783122585.0
BK1128.DC,20250409,1966.52,2078.94,1864.59,2063.98,2019.71,44.27,2.19,16423615.0,37014142103.0
BK1128.DC,20250410,2159.01,2201.8,2142.66,2142.95,2063.98,78.97,3.83,15248546.0,42060959443.0
BK1128.DC,20250411,2118.43,2206.98,2118.43,2183.43,2142.95,40.48,1.89,12663684.0,33149694277.0
BK1128.DC,20250414,2246.22,2259.23,2207.37,2214.89,2183.43,31.46,1.44,13335685.0,36229401225.0
BK1128.DC,20250415,2215.61,2219.31,2177.88,2200.81,2214.89,-14.08,-0.64,8257996.0,20898533904.0
BK1128.DC,20250416,2184.66,2190.69,2120.05,2153.38,2200.81,-47.43,-2.16,8314760.0,21294982327.0
BK1128.DC,20250417,2144.34,2187.9,2144.25,2149.67,2153.38,-3.71,-0.17,6301022.0,16728453864.0
BK1128.DC,20250418,2153.84,2199.45,2147.98,2190.25,2149.67,40.58,1.89,7987848.0,19797577169.0
BK1128.DC,20250421,2211.16,2239.78,2191.91,2239.78,2190.25,49.53,2.26,8691378.0,23543241453.0
BK1128.DC,20250422,2245.09,2247.86,2228.53,2236.01,2239.78,-3.77,-0.17,9154367.0,22157663359.0
BK1128.DC,20250423,2259.25,2302.75,2253.31,2285.18,2236.0099999999998,49.17,2.2,13463781.0,38625937108.0
BK1128.DC,20250424,2273.13,2273.13,2227.12,2234.53,2285.1800000000003,-50.65,-2.22,9739952.0,25702426616.0
BK1128.DC,20250425,2239.61,2295.96,2239.61,2273.7,2234.5299999999997,39.17,1.75,11414046.0,34985297409.0
BK1128.DC,20250428,2270.64,2280.7,2248.97,2250.14,2273.7,-23.56,-1.04,8136478.0,23274519396.0
BK1128.DC,20250429,2255.48,2281.7,2237.76,2267.76,2250.1400000000003,17.62,0.78,7510852.0,21179378883.0
BK1128.DC,20250430,2269.15,2308.24,2257.44,2302.09,2267.76,34.33,1.51,9904692.0,26512084680.0
BK1128.DC,20250506,2331.45,2405.69,2331.45,2405.69,2302.09,103.6,4.5,11914834.0,34087366642.0
BK1128.DC,20250507,2438.82,2448.15,2375.66,2400.57,2405.69,-5.12,-0.21,13464275.0,33113032508.0
BK1128.DC,20250508,2397.69,2483.52,2397.69,2477.61,2400.57,77.04,3.21,15079627.0,53215557626.0
BK1128.DC,20250509,2464.58,2465.8,2417.85,2435.13,2477.61,-42.48,-1.71,11272771.0,34351408636.0
BK1128.DC,20250512,2474.83,2484.15,2455.02,2483.76,2435.13,48.63,2.0,11893819.0,39903499115.0
BK1128.DC,20250513,2517.26,2520.49,2458.43,2460.57,2483.76,-23.19,-0.93,11835443.0,41076875402.0
BK1128.DC,20250514,2474.46,2516.47,2464.96,2475.52,2460.57,14.95,0.61,11839518.0,42116236797.0
BK1128.DC,20250515,2475.41,2475.41,2412.72,2412.87,2475.52,-62.65,-2.53,10327410.0,31666834260.0
BK1128.DC,20250516,2404.41,2457.62,2402.2,2439.83,2412.87,26.96,1.12,10798145.0,30048189800.0
BK1128.DC,20250519,2439.19,2440.07,2405.58,2433.54,2439.83,-6.29,-0.26,9776806.0,25006567467.0
BK1128.DC,20250520,2430.6,2441.68,2412.73,2435.5,2433.54,1.96,0.08,8301798.0,21652602704.0
BK1128.DC,20250521,2431.92,2432.2,2402.53,2411.11,2435.5,-24.39,-1.0,8107807.0,22496625036.0
BK1128.DC,20250522,2399.0,2424.34,2381.53,2383.64,2411.1099999999997,-27.47,-1.14,6995383.0,20683898460.0
BK1128.DC,20250523,2382.89,2399.9,2345.02,2345.15,2383.64,-38.49,-1.61,8626793.0,20971628918.0
BK1128.DC,20250526,2347.66,2383.85,2347.66,2383.58,2345.15,38.43,1.64,8939501.0,20061644051.0
BK1128.DC,20250527,2377.04,2377.04,2334.42,2348.42,2383.58,-35.16,-1.48,8428996.0,21671936070.0
BK1128.DC,20250528,2356.78,2384.0,2354.74,2375.91,2348.42,27.49,1.17,9032242.0,24918819097.0
BK1128.DC,20250529,2377.48,2427.69,2377.48,2421.28,2375.9100000000003,45.37,1.91,11701675.0,33979307568.0
BK1128.DC,20250530,2408.66,2408.66,2365.36,2375.07,2421.28,-46.21,-1.91,8860597.0,21886914020.0
BK1128.DC,20250603,2360.69,2396.4,2359.72,2373.73,2375.07,-1.34,-0.06,6808831.0,17531452080.0
BK1128.DC,20250604,2392.55,2457.34,2392.55,2446.2,2373.73,72.47,3.05,9803205.0,34274407664.0
BK1128.DC,20250605,2442.13,2539.54,2427.18,2535.02,2446.2,88.82,3.63,13928822.0,44398590484.0
BK1128.DC,20250606,2519.59,2557.91,2517.96,2553.73,2535.02,18.71,0.74,11887406.0,37560544277.0
BK1128.DC,20250609,2569.17,2607.43,2567.01,2585.95,2553.73,32.22,1.26,13263174.0,43497038334.0
BK1128.DC,20250610,2597.99,2598.66,2532.32,2559.32,2585.9500000000003,-26.63,-1.03,11910294.0,35697479200.0
BK1128.DC,20250611,2557.24,2586.31,2550.15,2553.49,2559.3199999999997,-5.83,-0.23,11021352.0,28318000160.0
BK1128.DC,20250612,2543.26,2634.35,2539.74,2593.15,2553.4900000000002,39.66,1.55,12855994.0,45907291346.0
BK1128.DC,20250613,2570.63,2606.7,2541.35,2549.26,2593.15,-43.89,-1.69,11462590.0,34226152172.0
BK1128.DC,20250616,2538.18,2631.61,2538.18,2609.24,2549.2599999999998,59.98,2.35,11417023.0,39987654821.0
BK1128.DC,20250617,2612.61,2615.0,2572.55,2588.53,2609.2400000000002,-20.71,-0.79,9610508.0,31103424240.0
BK1128.DC,20250618,2582.7,2656.97,2569.04,2656.66,2588.5299999999997,68.13,2.63,12669032.0,44310996200.0
BK1128.DC,20250619,2651.2,2685.03,2616.31,2625.4,2656.6600000000003,-31.26,-1.18,12255086.0,40820368616.0
BK1128.DC,20250620,2631.45,2654.66,2598.37,2611.82,2625.4,-13.58,-0.52,11360129.0,37379073989.0
BK1128.DC,20250623,2582.51,2635.86,2582.51,2630.07,2611.82,18.25,0.7,12042190.0,38568864944.0
BK1128.DC,20250624,2641.1,2678.52,2641.1,2677.4,2630.07,47.33,1.8,13061242.0,39416542293.0
BK1128.DC,20250625,2701.57,2713.41,2663.74,2695.24,2677.3999999999996,17.84,0.67,13640094.0,43960584930.0
BK1128.DC,20250626,2705.99,2748.86,2703.7,2717.06,2695.24,21.82,0.81,15439155.0,48404424222.0
BK1128.DC,20250627,2718.32,2806.89,2685.99,2786.53,2717.0600000000004,69.47,2.56,20382795.0,60380053372.0
BK1128.DC,20250630,2803.17,2851.3,2803.17,2850.69,2786.53,64.16,2.3,19387417.0,61463971507.0
BK1128.DC,20250701,2844.34,2856.47,2824.67,2845.51,2850.69,-5.18,-0.18,19169914.0,44039563008.0
BK1128.DC,20250702,2824.84,2824.84,2772.08,2781.53,2845.51,-63.98,-2.25,16146110.0,40617798194.0
BK1128.DC,20250703,2787.01,2857.61,2787.01,2849.07,2781.53,67.54,2.43,18224400.0,46221509195.0
BK1128.DC,20250704,2852.14,2858.46,2800.43,2803.55,2849.07,-45.52,-1.6,17958977.0,44742878801.0
BK1128.DC,20250707,2780.69,2803.04,2744.53,2778.12,2803.5499999999997,-25.43,-0.91,14062307.0,40161296404.0
BK1128.DC,20250708,2765.83,2865.99,2754.19,2860.05,2778.1200000000003,81.93,2.95,18031881.0,53956369012.0
BK1128.DC,20250709,2855.38,2879.76,2839.83,2852.53,2860.05,-7.52,-0.26,15651821.0,45545298128.0
BK1128.DC,20250710,2856.1,2882.91,2830.91,2856.11,2852.53,3.58,0.13,13981349.0,47341944558.0
BK1128.DC,20250711,2856.88,2877.09,2840.33,2864.48,2856.11,8.37,0.29,14162460.0,43695297332.0
BK1128.DC,20250714,2866.66,2874.85,2841.26,2864.97,2864.48,0.49,0.02,11226920.0,36150179741.0
BK1128.DC,20250715,2889.2,2983.05,2889.2,2962.63,2864.9700000000003,97.66,3.41,18320093.0,74266162499.0
BK1128.DC,20250716,2971.87,3012.86,2939.3,2943.11,2962.63,-19.52,-0.66,16495461.0,78000303991.0
BK1128.DC,20250717,2925.38,3056.67,2925.38,3055.21,2943.11,112.1,3.81,17806540.0,69923903979.0
BK1128.DC,20250718,3060.94,3088.77,3014.85,3026.49,3055.2099999999996,-28.72,-0.94,14985048.0,63941530864.0
BK1128.DC,20250721,3014.87,3040.4,2990.87,3028.16,3026.49,1.67,0.06,13636586.0,56619826598.0
BK1128.DC,20250722,3021.91,3098.22,3013.37,3023.35,3028.16,-4.81,-0.16,14056350.0,61073955895.0
BK1128.DC,20250723,3002.12,3056.24,2981.21,3034.38,3023.35,11.03,0.36,13377538.0,49597888079.0
BK1128.DC,20250724,3054.23,3054.51,2999.28,3017.74,3034.3799999999997,-16.64,-0.55,13368124.0,53197504549.0
BK1128.DC,20250725,3021.1,3044.86,3016.52,3041.48,3017.7400000000002,23.74,0.79,12950138.0,40274193341.0
BK1128.DC,20250728,3052.91,3108.05,3038.28,3102.06,3041.48,60.58,1.99,17832955.0,61447053014.0
BK1128.DC,20250729,3095.82,3206.16,3095.82,3206.16,3102.06,104.1,3.36,19634504.0,77457620379.0
BK1128.DC,20250730,3188.3,3198.49,3150.62,3184.35,3206.16,-21.81,-0.68,16566514.0,63683226911.0
BK1128.DC,20250731,3206.77,3285.98,3178.72,3191.2,3184.35,6.85,0.22,22055031.0,91058993145.0
BK1128.DC,20250801,3172.44,3215.27,3133.8,3158.74,3191.2,-32.46,-1.02,15187419.0,61342898656.0
BK1128.DC,20250804,3123.06,3167.41,3108.56,3166.81,3158.74,8.07,0.26,11112346.0,44448543972.0
BK1128.DC,20250805,3193.04,3223.9,3154.24,3217.61,3166.81,50.8,1.6,13161026.0,55513997842.0
BK1128.DC,20250806,3203.89,3245.26,3191.98,3228.35,3217.61,10.74,0.33,11566820.0,42421798691.0
BK1128.DC,20250807,3226.66,3260.58,3168.06,3224.67,3228.35,-3.68,-0.11,14546753.0,60186176361.0
BK1128.DC,20250808,3208.74,3257.86,3191.76,3218.74,3224.6699999999996,-5.93,-0.18,12745774.0,45287446883.0
BK1128.DC,20250811,3221.2,3306.59,3221.2,3291.7,3218.74,72.96,2.27,15156019.0,57990137251.0
BK1128.DC,20250812,3300.25,3350.59,3282.35,3350.57,3291.7000000000003,58.87,1.79,15241874.0,62838819933.0
BK1128.DC,20250813,3374.95,3480.71,3359.49,3480.71,3350.57,130.14,3.88,21375027.0,89856218922.0
BK1128.DC,20250814,3473.78,3473.78,3369.97,3381.48,3480.71,-99.23,-2.85,21332214.0,79419091972.0
BK1128.DC,20250815,3365.28,3451.19,3365.28,3437.17,3381.48,55.69,1.65,20365662.0,71186493804.0
BK1128.DC,20250818,3463.65,3670.15,3463.65,3637.05,3437.17,199.88,5.82,26381889.0,100011854577.0
BK1128.DC,20250819,3644.81,3752.57,3644.81,3705.47,3637.0499999999997,68.42,1.88,26037325.0,95639395588.0
BK1128.DC,20250820,3661.05,3738.84,3606.39,3738.62,3705.47,33.15,0.89,23438593.0,90727654612.0
BK1128.DC,20250821,3747.39,3761.73,3638.79,3662.58,3738.62,-76.04,-2.03,22813088.0,88311447157.0
BK1128.DC,20250822,3650.39,3781.21,3650.39,3770.13,3662.58,107.55,2.94,23470986.0,97216806871.0
BK1128.DC,20250825,3874.44,3969.76,3868.72,3946.74,3770.1299999999997,176.61,4.68,32178661.0,128420914046.0
BK1128.DC,20250826,3957.2,3998.95,3928.65,3957.57,3946.7400000000002,10.83,0.27,25745143.0,110777026934.0
BK1128.DC,20250827,3968.81,4147.98,3961.64,4001.39,3957.5699999999997,43.82,1.11,32930956.0,143292341564.0
BK1128.DC,20250828,3988.01,4243.54,3988.01,4243.54,4001.39,242.15,6.05,35497214.0,152947594798.0
BK1128.DC,20250829,4266.05,4266.05,4162.48,4208.54,4243.54,-35.0,-0.82,27653977.0,134240534362.0
BK1128.DC,20250901,4256.12,4381.74,4180.27,4345.19,4208.54,136.65,3.25,34907466.0,171362442677.0
BK1128.DC,20250902,4325.84,4381.79,4065.97,4101.82,4345.19,-243.37,-5.6,34073088.0,187869759922.0
BK1128.DC,20250903,4100.15,4192.69,4048.81,4128.07,4101.82,26.25,0.64,30772273.0,155185887230.0
BK1128.DC,20250904,4191.75,4230.09,3794.32,3862.88,4128.07,-265.19,-6.42,35172423.0,181099575932.0
BK1128.DC,20250905,3871.63,4078.05,3828.85,4066.13,3862.88,203.25,5.26,30954822.0,151207772910.0
BK1128.DC,20250908,4062.08,4062.08,3923.16,4015.81,4066.13,-50.32,-1.24,30463246.0,140664044823.0
BK1128.DC,20250909,3989.77,4002.52,3895.43,3920.35,4015.81,-95.46,-2.38,22705639.0,97100348126.0
BK1128.DC,20250910,3978.22,4010.59,3909.55,3973.83,3920.35,53.48,1.36,24128218.0,121608624954.0
BK1128.DC,20250911,4005.05,4263.81,3978.17,4262.56,3973.8300000000004,288.73,7.27,29991880.0,160970014308.0
BK1128.DC,20250912,4226.24,4338.47,4197.57,4282.02,4262.56,19.46,0.46,29833376.0,153782854547.0
BK1128.DC,20250915,4273.62,4304.82,4226.95,4261.91,4282.0199999999995,-20.11,-0.47,25781132.0,116870650197.0
BK1128.DC,20250916,4265.36,4334.94,4232.85,4334.94,4261.91,73.03,1.71,24135528.0,122361215261.0
BK1128.DC,20250917,4330.7,4420.77,4314.58,4380.83,4334.94,45.89,1.06,21010788.0,108314019212.0
BK1128.DC,20250918,4353.2,4567.26,4331.91,4462.19,4380.83,81.36,1.86,39012663.0,176677346725.0
BK1128.DC,20250919,4511.25,4579.88,4467.75,4502.83,4462.19,40.64,0.91,29547830.0,149478145310.0
BK1128.DC,20250922,4524.57,4583.02,4449.72,4577.14,4502.83,74.31,1.65,25350645.0,124970208225.0
BK1128.DC,20250923,4649.44,4678.12,4385.89,4516.48,4577.139999999999,-60.66,-1.33,33312902.0,175412352458.0
BK1128.DC,20250924,4441.01,4550.8,4395.4,4528.02,4516.4800000000005,11.54,0.26,31170292.0,146110657727.0
BK1128.DC,20250925,4517.77,4612.31,4458.76,4555.31,4528.02,27.29,0.6,29436942.0,159899395283.0
BK1128.DC,20250926,4520.84,4567.65,4399.96,4400.21,4555.31,-155.1,-3.4,26880831.0,132807391805.0
BK1128.DC,20250929,4388.01,4462.11,4388.01,4448.72,4400.21,48.51,1.1,21966948.0,117063680401.0
BK1128.DC,20250930,4485.78,4532.87,4407.15,4429.04,4448.72,-19.68,-0.44,26604887.0,132642621005.0
BK1128.DC,20251009,4471.89,4536.69,4459.01,4466.3,4429.04,37.26,0.84,24124904.0,130718004077.0
BK1128.DC,20251010,4446.79,4453.09,4278.41,4296.98,4466.299999999999,-169.32,-3.79,27080451.0,129164845802.0
BK1128.DC,20251013,4055.24,4259.4,4055.24,4248.11,4296.98,-48.87,-1.14,21978840.0,108947699231.0
BK1128.DC,20251014,4295.35,4304.47,4028.65,4044.2,4248.11,-203.91,-4.8,23363977.0,119354929898.0
BK1128.DC,20251015,4052.81,4135.27,4014.39,4134.51,4044.2000000000003,90.31,2.23,17106466.0,84249710470.0
BK1128.DC,20251016,4122.93,4180.94,4095.5,4114.35,4134.51,-20.16,-0.49,15940604.0,85409495020.0
BK1128.DC,20251017,4123.76,4126.58,3957.63,3963.35,4114.35,-151.0,-3.67,18929841.0,89806951615.0
BK1128.DC,20251020,4054.5,4167.01,4054.5,4093.77,3963.35,130.42,3.29,20208789.0,106922639050.0
BK1128.DC,20251021,4108.45,4272.3,4088.36,4266.11,4093.7699999999995,172.34,4.21,24116419.0,133388342584.0
BK1128.DC,20251022,4228.05,4307.71,4217.45,4253.34,4266.110000000001,-12.77,-0.3,20278636.0,103327207730.0
BK1128.DC,20251023,4232.49,4232.49,4121.76,4191.46,4253.34,-61.88,-1.45,16022783.0,78039211975.0
BK1128.DC,20251024,4230.91,4362.58,4198.17,4360.78,4191.46,169.32,4.04,23017853.0,128688265862.0
BK1128.DC,20251027,4450.17,4493.33,4420.15,4478.51,4360.780000000001,117.73,2.7,28480036.0,152652910792.0
BK1128.DC,20251028,4447.99,4567.03,4443.91,4509.79,4478.51,31.28,0.7,27914751.0,137639482235.0
BK1128.DC,20251029,4539.28,4606.13,4513.39,4597.7,4509.79,87.91,1.95,24610248.0,135113465855.0
BK1128.DC,20251030,4560.71,4597.15,4440.48,4444.71,4597.7,-152.99,-3.33,23826661.0,143603727869.0
BK1128.DC,20251031,4420.14,4428.74,4317.6,4322.8,4444.71,-121.91,-2.74,19482088.0,122808396726.0
BK1128.DC,20251103,4294.87,4314.84,4216.99,4306.39,4322.8,-16.41,-0.38,16748544.0,91540504150.0
BK1128.DC,20251104,4305.0,4335.05,4236.93,4266.71,4306.39,-39.68,-0.92,14802887.0,80567850749.0
BK1128.DC,20251105,4171.74,4284.67,4170.66,4264.94,4266.71,-1.77,-0.04,13217872.0,68847860450.0
BK1128.DC,20251106,4284.15,4397.47,4284.15,4392.72,4264.9400000000005,127.78,3.0,17576730.0,94716235058.0
BK1128.DC,20251107,4335.74,4417.29,4316.19,4365.9,4392.719999999999,-26.82,-0.61,15473697.0,81797662761.0
BK1128.DC,20251110,4379.4,4407.67,4248.48,4324.43,4365.900000000001,-41.47,-0.95,15477998.0,93439102099.0
BK1128.DC,20251111,4374.82,4421.61,4271.72,4278.91,4324.43,-45.52,-1.05,15747502.0,90978725236.0
BK1128.DC,20251112,4243.78,4260.39,4159.14,4246.76,4278.91,-32.15,-0.75,14531923.0,85654025233.0
BK1128.DC,20251113,4232.44,4280.35,4219.71,4264.5,4246.76,17.74,0.42,12978273.0,69234821304.0
BK1128.DC,20251114,4203.8,4218.5,4147.62,4150.72,4264.5,-113.78,-2.67,12288622.0,65204308720.0
BK1128.DC,20251117,4152.47,4221.36,4147.22,4195.92,4150.72,45.2,1.09,10480170.0,62062231054.0
BK1128.DC,20251118,4169.2,4264.21,4151.69,4195.02,4195.92,-0.9,-0.02,12923243.0,70009782287.0
BK1128.DC,20251119,4189.87,4256.54,4149.28,4181.78,4195.0199999999995,-13.24,-0.32,14232359.0,78460150006.0
BK1128.DC,20251120,4280.05,4307.27,4150.27,4206.54,4181.78,24.76,0.59,16565855.0,87654544220.0
BK1128.DC,20251121,4096.62,4129.4,4015.18,4020.78,4206.54,-185.76,-4.42,16835435.0,90343198347.0
BK1128.DC,20251124,4078.54,4133.96,4045.48,4106.17,4020.78,85.39,2.12,14597328.0,87725500223.0
BK1128.DC,20251125,4162.15,4389.99,4162.15,4318.93,4106.17,212.76,5.18,18268315.0,108894966268.0
BK1128.DC,20251126,4290.72,4481.67,4266.44,4395.34,4318.93,76.41,1.77,22476139.0,145950357358.0
BK1128.DC,20251127,4358.67,4522.36,4358.67,4417.61,4395.339999999999,22.27,0.51,20191344.0,129762013879.0
BK1128.DC,20251128,4399.51,4450.92,4373.85,4411.64,4417.610000000001,-5.97,-0.14,15375223.0,94479372140.0
BK1128.DC,20251201,4433.52,4467.79,4389.27,4455.18,4411.64,43.54,0.99,18938064.0,101296119316.0
BK1128.DC,20251202,4421.84,4450.51,4387.4,4408.9,4455.179999999999,-46.28,-1.04,13734656.0,84619475047.0
BK1128.DC,20251203,4409.63,4462.65,4361.64,4376.19,4408.9,-32.71,-0.74,13684733.0,101100282793.0
BK1128.DC,20251204,4345.86,4397.75,4297.7,4381.76,4376.1900000000005,5.57,0.13,11596721.0,78231973348.0
BK1128.DC,20251205,4389.03,4529.8,4358.5,4516.16,4381.76,134.4,3.07,14912667.0,100138436405.0
BK1128.DC,20251208,4530.08,4772.25,4530.08,4758.03,4516.16,241.87,5.36,21495141.0,145799864584.0
BK1128.DC,20251209,4748.66,4873.96,4748.66,4844.64,4758.030000000001,86.61,1.82,21727247.0,139500258175.0
BK1128.DC,20251210,4820.29,4925.44,4799.53,4917.61,4844.639999999999,72.97,1.51,21626288.0,130491761046.0
BK1128.DC,20251211,4918.36,4953.32,4851.63,4852.22,4917.610000000001,-65.39,-1.33,23660696.0,141250654235.0
BK1128.DC,20251212,4826.63,4986.8,4776.39,4950.76,4852.22,98.54,2.03,28249564.0,161994522295.0
BK1128.DC,20251215,4854.09,4880.74,4792.91,4797.8,4950.76,-152.96,-3.09,19805296.0,112359988529.0
BK1128.DC,20251216,4785.94,4789.59,4631.86,4670.18,4797.8,-127.62,-2.66,17192891.0,96766438246.0
BK1128.DC,20251217,4682.82,4914.15,4663.93,4897.17,4670.18,226.99,4.86,21854796.0,127589023831.0
BK1128.DC,20251218,4834.92,4950.03,4834.92,4864.22,4897.17,-32.95,-0.67,18879418.0,110502599590.0
BK1128.DC,20251219,4913.59,4928.22,4807.62,4848.43,4864.22,-15.79,-0.32,18337832.0,101209511168.0
BK1128.DC,20251222,4913.3,5026.7,4913.3,5008.76,4848.43,160.33,3.31,22225801.0,132384342059.0
BK1128.DC,20251223,4994.99,5043.63,4974.32,5012.34,5008.76,3.58,0.07,20361951.0,114210773340.0
BK1128.DC,20251224,5008.77,5118.81,4984.04,5115.94,5012.339999999999,103.6,2.07,19940214.0,113338346528.0
BK1128.DC,20251225,5115.38,5154.3,5006.84,5087.33,5115.94,-28.61,-0.56,18721814.0,107750738505.0
BK1128.DC,20251226,5049.44,5076.42,4991.82,5040.83,5087.33,-46.5,-0.91,19284055.0,96986154498.0
BK1128.DC,20251229,5032.85,5120.92,5031.69,5056.39,5040.83,15.56,0.31,19589099.0,102701426640.0
BK1128.DC,20251230,5008.6,5113.21,5008.6,5046.42,5056.39,-9.97,-0.2,18172756.0,102709646550.0
BK1128.DC,20251231,5061.62,5086.52,4987.78,5006.27,5046.42,-40.15,-0.8,17658871.0,100545566235.0
BK1128.DC,20260105,5058.45,5160.74,5058.45,5133.95,5006.2699999999995,127.68,2.55,21143634.0,121633808001.0
BK1128.DC,20260106,5114.91,5122.35,5009.78,5099.53,5133.95,-34.42,-0.67,24320049.0,131314969677.0
BK1128.DC,20260107,5121.32,5240.77,5110.01,5236.05,5099.53,136.52,2.68,28540731.0,142476962498.0
BK1128.DC,20260108,5207.4,5273.1,5171.0,5205.12,5236.05,-30.93,-0.59,24133887.0,125679452766.0
BK1128.DC,20260109,5165.08,5282.19,5114.72,5276.95,5205.12,71.83,1.38,24728198.0,139957481391.0
BK1128.DC,20260112,5273.18,5338.64,5195.64,5325.95,5276.95,49.0,0.93,27589314.0,152611941278.0
BK1128.DC,20260113,5312.74,5312.74,5095.4,5112.1,5325.950000000001,-213.85,-4.02,26331534.0,143564128917.0
BK1128.DC,20260114,5128.83,5261.43,5089.87,5203.52,5112.1,91.42,1.79,26577933.0,154536740354.0
BK1128.DC,20260115,5134.41,5239.34,5105.65,5239.34,5203.52,35.82,0.69,21016728.0,139956806070.0
BK1128.DC,20260116,5294.39,5393.05,5292.04,5360.34,5239.34,121.0,2.31,28623866.0,164351946921.0
BK1128.DC,20260119,5327.69,5367.36,5272.39,5295.22,5360.34,-65.12,-1.21,26520998.0,138554171292.0
BK1128.DC,20260120,5278.89,5295.32,5086.56,5131.79,5295.22,-163.43,-3.09,24678149.0,132330236424.0
BK1128.DC,20260121,5090.13,5337.04,5090.13,5318.66,5131.79,186.87,3.64,22802800.0,123780536884.0
BK1128.DC,20260122,5362.94,5396.95,5312.14,5396.95,5318.66,78.29,1.47,30228995.0,157668541692.0
BK1128.DC,20260123,5396.81,5398.33,5346.01,5386.98,5396.95,-9.97,-0.18,28636259.0,148929986777.0
BK1128.DC,20260126,5380.22,5444.51,5351.27,5377.92,5386.9800000000005,-9.06,-0.17,26291021.0,130062523970.0
BK1128.DC,20260127,5350.46,5513.89,5253.22,5496.55,5377.92,118.63,2.21,26491613.0,147732300713.0
BK1128.DC,20260128,5594.72,5627.66,5472.23,5538.2,5496.55,41.65,0.76,28730098.0,157737082321.0
BK1128.DC,20260129,5504.22,5595.46,5416.03,5426.6,5538.200000000001,-111.6,-2.02,24716068.0,137328120988.0
BK1128.DC,20260130,5387.98,5710.54,5352.72,5670.61,5426.599999999999,244.01,4.5,26119710.0,166422755335.0
BK1128.DC,20260202,5661.33,5769.1,5520.05,5520.45,5670.61,-150.16,-2.65,25074219.0,182032682744.0
BK1128.DC,20260203,5639.46,5842.88,5631.05,5842.41,5520.45,321.96,5.83,23034467.0,175027887395.0
BK1128.DC,20260204,5796.11,5837.13,5657.98,5771.43,5842.41,-70.98,-1.21,22841643.0,161924513891.0
BK1128.DC,20260205,5649.07,5708.62,5505.16,5557.2,5771.429999999999,-214.23,-3.71,19551905.0,121621105931.0
BK1128.DC,20260206,5484.75,5690.28,5484.75,5578.23,5557.2,21.03,0.38,19697500.0,126885764501.0
BK1128.DC,20260209,5750.74,5979.0,5661.34,5923.63,5578.2300000000005,345.4,6.19,23212670.0,161296075738.0
BK1128.DC,20260210,5922.89,6020.71,5880.2,5916.07,5923.63,-7.56,-0.13,18891615.0,119257065307.0
BK1128.DC,20260211,5870.96,5997.91,5820.75,5828.04,5916.07,-88.03,-1.49,17216505.0,120245921012.0
BK1128.DC,20260212,5864.75,6047.1,5862.51,6021.82,5828.04,193.78,3.32,19360175.0,140407284652.0
BK1128.DC,20260213,5936.31,5962.75,5837.21,5842.39,6021.820000000001,-179.43,-2.98,16926868.0,109697899311.0
BK1128.DC,20260224,5973.29,6156.14,5966.88,6057.18,5842.39,214.79,3.68,18617786.0,133506419625.0
BK1128.DC,20260225,6082.65,6086.16,5931.82,6019.57,6057.179999999999,-37.61,-0.62,20521193.0,131091447661.0
BK1128.DC,20260226,6074.75,6304.53,6053.45,6275.84,6019.57,256.27,4.26,26127974.0,151541239183.0
BK1128.DC,20260227,6122.76,6287.34,6097.6,6286.62,6275.84,10.78,0.17,25558108.0,157702261011.0
BK1128.DC,20260302,6172.0,6481.7,6172.0,6382.56,6286.620000000001,95.94,1.53,24332107.0,180662922291.0
BK1128.DC,20260303,6491.16,6511.9,6187.66,6195.1,6382.56,-187.46,-2.94,30197378.0,197445409960.0
BK1128.DC,20260304,6057.18,6301.88,6057.18,6193.91,6195.099999999999,-1.19,-0.02,21878475.0,135925294129.0
BK1128.DC,20260305,6352.03,6460.46,6203.8,6303.74,6193.91,109.83,1.77,24409759.0,177761703665.0
BK1128.DC,20260306,6239.07,6360.61,6132.36,6270.68,6303.740000000001,-33.06,-0.52,22972698.0,141348939443.0
BK1128.DC,20260309,6037.6,6140.9,5812.65,6111.91,6270.68,-158.77,-2.53,20621809.0,149265891144.0
BK1128.DC,20260310,6289.75,6521.76,6289.75,6518.76,6111.91,406.85,6.66,20812981.0,158432382476.0
BK1128.DC,20260311,6578.42,6759.03,6575.19,6600.97,6518.76,82.21,1.26,24643845.0,172791657521.0
BK1128.DC,20260312,6571.27,6772.99,6443.69,6574.72,6600.97,-26.25,-0.4,24300211.0,173853887842.0
BK1128.DC,20260313,6478.79,6574.9,6397.61,6408.83,6574.72,-165.89,-2.52,18854876.0,135553213319.0
BK1128.DC,20260316,6393.61,6458.43,6266.33,6445.59,6408.83,36.76,0.57,19301823.0,141202336406.0
BK1128.DC,20260317,6456.17,6456.17,5998.53,6002.59,6445.59,-443.0,-6.87,20008752.0,151224183861.0
BK1128.DC,20260318,6087.95,6266.38,6030.77,6262.57,6002.59,259.98,4.33,18876553.0,147409110527.0
BK1128.DC,20260319,6145.77,6341.47,6145.77,6236.63,6262.57,-25.94,-0.41,18881119.0,143256803448.0
BK1128.DC,20260320,6432.14,6527.4,6212.2,6221.84,6236.63,-14.79,-0.24,23908127.0,203632370414.0
BK1128.DC,20260323,5994.08,6151.47,5873.09,5913.2,6221.84,-308.64,-4.96,20487759.0,146329266960.0
BK1128.DC,20260324,6027.47,6107.07,5863.0,6106.49,5913.2,193.29,3.27,19532498.0,134599952894.0
BK1128.DC,20260325,6286.37,6428.66,6271.15,6361.3,6106.49,254.81,4.17,22722846.0,171075647977.0
BK1128.DC,20260326,6335.22,6424.54,6223.09,6244.43,6361.3,-116.87,-1.84,17885019.0,141432998500.0
BK1128.DC,20260327,6091.67,6385.25,6041.17,6304.13,6244.43,59.7,0.96,17569294.0,127224881913.0
BK1128.DC,20260330,6177.18,6362.9,6177.18,6362.06,6304.13,57.93,0.92,18024972.0,119384166282.0
BK1128.DC,20260331,6261.73,6319.6,6083.74,6132.25,6362.06,-229.81,-3.61,20158130.0,130383604410.0
BK1128.DC,20260401,6354.93,6441.38,6284.62,6441.29,6132.25,309.04,5.04,19006091.0,136014921305.0
BK1128.DC,20260402,6393.87,6503.88,6281.43,6313.58,6441.29,-127.71,-1.98,18837344.0,121697522042.0
BK1128.DC,20260403,6441.79,6607.58,6441.79,6505.53,6313.58,191.95,3.04,20717134.0,152030643047.0
BK1128.DC,20260407,6506.63,6654.7,6444.5,6502.09,6505.53,-3.44,-0.05,17288012.0,130957837501.0
BK1128.DC,20260408,6749.68,6964.92,6683.26,6964.92,6502.09,462.83,7.12,25005787.0,198712314869.0
BK1128.DC,20260409,6877.79,7142.34,6877.79,7128.43,6964.92,163.51,2.35,26268231.0,197510633601.0
BK1128.DC,20260410,7180.73,7221.76,7079.16,7162.62,7128.43,34.19,0.48,29315079.0,227784800730.0
BK1128.DC,20260413,7090.67,7338.01,7090.67,7318.56,7162.620000000001,155.94,2.18,26059732.0,196864733471.0
BK1128.DC,20260414,7379.27,7527.26,7338.2,7410.97,7318.56,92.41,1.26,28171742.0,214694930939.0
BK1128.DC,20260415,7436.39,7536.82,7328.06,7384.47,7410.97,-26.5,-0.36,26125778.0,214565435262.0
BK1128.DC,20260416,7353.44,7544.81,7303.35,7544.16,7384.47,159.69,2.16,23349057.0,190106274486.0
BK1128.DC,20260417,7621.46,7887.06,7621.46,7878.82,7544.16,334.66,4.44,25305310.0,225793970099.0
BK1128.DC,20260420,7943.03,8059.92,7920.86,7977.74,7878.82,98.92,1.26,28866136.0,236943657988.0
BK1128.DC,20260421,7860.22,8054.03,7827.84,8037.08,7977.74,59.34,0.74,31580275.0,226355663023.0
BK1128.DC,20260422,8004.09,8426.72,8004.09,8419.45,8037.080000000001,382.37,4.76,34378076.0,274681872400.0
BK1128.DC,20260423,8409.06,8479.64,8106.69,8210.39,8419.449999999999,-209.06,-2.48,38813869.0,306890710641.0
BK1128.DC,20260424,8129.68,8259.37,7917.0,8032.83,8210.39,-177.56,-2.16,35034873.0,317197942826.0
BK1128.DC,20260427,8129.25,8285.64,8085.56,8217.01,8032.83,184.18,2.29,36110819.0,279206936795.0
BK1128.DC,20260428,8208.39,8219.63,8029.57,8082.56,8217.01,-134.45,-1.64,31465831.0,241409859394.0
BK1128.DC,20260429,7947.58,8191.92,7947.58,8122.29,8082.56,39.73,0.49,28162935.0,216021196709.0
BK1128.DC,20260430,8208.16,8226.45,8026.84,8147.89,8122.29,25.6,0.32,31482002.0,227410405047.0
BK1128.DC,20260506,8313.45,8516.79,8275.04,8390.1,8147.89,242.21,2.97,35234465.0,277144024935.0
BK1128.DC,20260507,8490.95,8831.51,8379.84,8831.32,8390.1,441.22,5.26,37833701.0,300436125749.0
BK1128.DC,20260508,8690.75,9078.31,8672.79,9072.54,8831.320000000002,241.22,2.73,35404750.0,264699272283.0
BK1128.DC,20260511,9293.08,9434.04,9130.52,9391.26,9072.54,318.72,3.51,42534293.0,340778814220.0
BK1128.DC,20260512,9536.27,9597.36,9351.83,9463.17,9391.26,71.91,0.77,41029200.0,340158872869.0
BK1128.DC,20260513,9326.42,9770.75,9326.42,9770.57,9463.17,307.4,3.25,39953675.0,333366582675.0
BK1128.DC,20260514,9921.6,9930.12,9621.55,9621.55,9770.57,-149.02,-1.53,39330010.0,342053383085.0
BK1128.DC,20260515,9662.09,9833.5,9290.15,9439.49,9621.55,-182.06,-1.89,39846931.0,331472803741.0
BK1128.DC,20260518,9352.45,9682.25,9352.45,9560.83,9439.49,121.34,1.29,33469948.0,275124076542.0
BK1128.DC,20260519,9437.07,9646.33,9124.85,9633.38,9560.83,72.55,0.76,35312513.0,294352704542.0
BK1128.DC,20260520,9570.5,9770.16,9520.27,9755.83,9633.38,122.45,1.27,37320164.0,300494646054.0
BK1128.DC,20260521,9852.84,9877.32,9195.43,9218.14,9755.83,-537.69,-5.51,40338804.0,313709459042.0
BK1128.DC,20260522,9361.79,9681.72,9303.07,9664.25,9218.14,446.11,4.84,33986690.0,277821641423.0
BK1128.DC,20260525,9767.57,10008.28,9618.8,10005.95,9664.25,341.7,3.54,37506657.0,326582772811.0
BK1128.DC,20260526,9932.15,9938.8,9606.44,9796.59,10005.95,-209.36,-2.09,42507629.0,334402688738.0
BK1128.DC,20260527,9775.7,9952.09,9549.93,9620.55,9796.59,-176.04,-1.8,47259239.0,346490177457.0
BK1128.DC,20260528,9561.22,10031.66,9449.6,9994.05,9620.55,373.5,3.88,43938216.0,332317802946.0
BK1128.DC,20260529,10089.56,10141.47,9568.53,9669.71,9994.05,-324.34,-3.25,49496170.0,386421298014.0
BK1128.DC,20260601,9638.7,9708.91,9232.34,9244.49,9669.71,-425.22,-4.4,39868514.0,310775588957.0
BK1128.DC,20260602,9322.45,9719.24,9185.23,9680.8,9244.49,436.31,4.72,40415287.0,335274975341.0
BK1128.DC,20260603,9903.91,10341.69,9830.51,10019.1,9680.800000000001,338.3,3.49,49057441.0,418466521546.0
BK1128.DC,20260604,9795.8,10081.52,9795.8,10024.63,10019.099999999999,5.53,0.06,38003838.0,307745940666.0
BK1128.DC,20260605,9923.36,10268.23,9734.27,9801.79,10024.630000000001,-222.84,-2.22,42559618.0,391168321017.0
BK1128.DC,20260608,9230.18,9582.67,9164.53,9287.7,9801.79,-514.09,-5.24,36648766.0,306050769737.0
